S-LivingForm,,S-LivingFormLite,,S-Living,,S-FinalFormForm,,S-FinalForm,,,,
bulbasaur,0,bulbasaur,1,bulbasaur,1,venusaur,1,venusaur,1,Non-Shiny,Version,1.4
ivysaur,0,ivysaur,1,ivysaur,1,charizard,1,charizard,1,1,4,
venusaur,0,venusaur,1,venusaur,1,blastoise,1,blastoise,1,Shiny,Version,1.3
venusaur-f,0,charmander,1,charmander,1,butterfree,1,butterfree,1,1,3,
charmander,0,charmeleon,1,charmeleon,1,beedrill,1,beedrill,1,0,-2,0
charmeleon,0,charizard,1,charizard,1,pidgeot,1,pidgeot,1,,,
charizard,0,squirtle,1,squirtle,1,raticate,1,raticate,1,Keyword Column,,
squirtle,0,wartortle,1,wartortle,1,raticate-1,1,raticate-1,1,U2:U,,
wartortle,0,blastoise,1,blastoise,1,fearow,1,fearow,1,,,
blastoise,0,caterpie,1,caterpie,1,arbok,1,arbok,1,,,
caterpie,1,metapod,1,metapod,1,raichu,1,raichu,1,,,
metapod,1,butterfree,1,butterfree,1,raichu-1,1,raichu-1,1,,,
butterfree,1,weedle,1,weedle,1,sandslash,1,sandslash,1,,,
butterfree-f,1,kakuna,1,kakuna,1,sandslash-1,1,sandslash-1,1,,,
weedle,0,beedrill,1,beedrill,1,nidoqueen,1,nidoqueen,1,,,
kakuna,0,pidgey,1,pidgey,1,nidoking,1,nidoking,1,,,
beedrill,0,pidgeotto,1,pidgeotto,1,clefable,1,clefable,1,,,
pidgey,1,pidgeot,1,pidgeot,1,ninetales,1,ninetales,1,,,
pidgeotto,1,rattata,1,rattata,1,ninetales-1,1,ninetales-1,1,,,
pidgeot,1,rattata-1,1,rattata-1,1,wigglytuff,1,wigglytuff,1,,,
rattata,1,raticate,1,raticate,1,vileplume,1,vileplume,1,,,
rattata-f,1,raticate-1,1,raticate-1,1,parasect,1,parasect,1,,,
rattata-1,1,spearow,1,spearow,1,venomoth,1,venomoth,1,,,
raticate,0,fearow,1,fearow,1,dugtrio,1,dugtrio,1,,,
raticate-f,1,ekans,1,ekans,1,dugtrio-1,1,dugtrio-1,1,,,
raticate-1,1,arbok,1,arbok,1,persian,1,persian,1,,,
spearow,1,pikachu,1,pikachu,1,persian-1,1,persian-1,1,,,
fearow,0,raichu,1,raichu,1,golduck,1,golduck,1,,,
ekans,0,raichu-1,1,raichu-1,1,arcanine,1,arcanine,1,,,
arbok,0,sandshrew,1,sandshrew,1,arcanine-1,1,arcanine-1,1,,,
pikachu,1,sandshrew-1,1,sandshrew-1,1,poliwrath,1,poliwrath,1,,,
pikachu-f,0,sandslash,1,sandslash,1,alakazam,1,alakazam,1,,,
raichu,0,sandslash-1,1,sandslash-1,1,machamp,1,machamp,1,,,
raichu-f,1,nidoran♀,1,nidoran♀,1,victreebel,1,victreebel,1,,,
raichu-1,1,nidorina,1,nidorina,1,tentacruel,1,tentacruel,1,,,
sandshrew,1,nidoqueen,1,nidoqueen,1,golem,1,golem,1,,,
sandshrew-1,1,nidoran♂,1,nidoran♂,1,golem-1,1,golem-1,1,,,
sandslash,1,nidorino,1,nidorino,1,rapidash,1,rapidash,1,,,
sandslash-1,1,nidoking,1,nidoking,1,rapidash-1,1,rapidash-1,1,,,
nidoran♀,1,clefairy,1,clefairy,1,slowbro,1,slowbro,1,,,
nidorina,1,clefable,1,clefable,1,slowbro-1,1,slowbro-1,1,,,
nidoqueen,0,vulpix,1,vulpix,1,farfetch'd,1,farfetch'd,1,,,
nidoran♂,1,vulpix-1,1,vulpix-1,1,dodrio,1,dodrio,1,,,
nidorino,1,ninetales,1,ninetales,1,dewgong,1,dewgong,1,,,
nidoking,1,ninetales-1,1,ninetales-1,1,muk,1,muk,1,,,
clefairy,0,jigglypuff,1,jigglypuff,1,muk-1,1,muk-1,1,,,
clefable,0,wigglytuff,1,wigglytuff,1,cloyster,1,cloyster,1,,,
vulpix,0,zubat,1,zubat,1,gengar,1,gengar,1,,,
vulpix-1,1,golbat,1,golbat,1,hypno,1,hypno,1,,,
ninetales,0,oddish,1,oddish,1,kingler,1,kingler,1,,,
ninetales-1,1,gloom,1,gloom,1,electrode,1,electrode,1,,,
jigglypuff,1,vileplume,1,vileplume,1,electrode-1,1,electrode-1,1,,,
wigglytuff,1,paras,1,paras,1,exeggutor,1,exeggutor,1,,,
zubat,1,parasect,1,parasect,1,exeggutor-1,1,exeggutor-1,1,,,
zubat-f,0,venonat,1,venonat,1,marowak,1,marowak,1,,,
golbat,1,venomoth,1,venomoth,1,marowak-1,1,marowak-1,1,,,
golbat-f,0,diglett,1,diglett,1,hitmonlee,1,hitmonlee,1,,,
oddish,0,diglett-1,1,diglett-1,1,hitmonchan,1,hitmonchan,1,,,
gloom,0,dugtrio,1,dugtrio,1,weezing,1,weezing,1,,,
gloom-f,0,dugtrio-1,1,dugtrio-1,1,weezing-1,1,weezing-1,1,,,
vileplume,0,meowth,1,meowth,1,kangaskhan,1,kangaskhan,1,,,
vileplume-f,0,meowth-1,1,meowth-1,1,seaking,1,seaking,1,,,
paras,0,meowth-2,1,meowth-2,1,starmie,1,starmie,1,,,
parasect,0,persian,1,persian,1,mr. mime,1,mr. mime,1,,,
venonat,1,persian-1,1,persian-1,1,jynx,1,jynx,1,,,
venomoth,1,psyduck,1,psyduck,1,pinsir,1,pinsir,1,,,
diglett,1,golduck,1,golduck,1,tauros,1,tauros,1,,,
diglett-1,1,mankey,1,mankey,1,tauros-1,1,tauros-1,1,,,
dugtrio,1,primeape,1,primeape,1,tauros-2,1,gyarados,1,,,
dugtrio-1,1,growlithe,1,growlithe,1,tauros-3,1,lapras,1,,,
meowth,1,growlithe-1,1,growlithe-1,1,gyarados,1,ditto,1,,,
meowth-1,1,arcanine,1,arcanine,1,lapras,1,vaporeon,1,,,
meowth-2,1,arcanine-1,1,arcanine-1,1,ditto,1,jolteon,1,,,
persian,1,poliwag,1,poliwag,1,vaporeon,1,flareon,1,,,
persian-1,1,poliwhirl,1,poliwhirl,1,jolteon,1,omastar,1,,,
psyduck,0,poliwrath,1,poliwrath,1,flareon,1,kabutops,1,,,
golduck,0,abra,1,abra,1,omastar,1,aerodactyl,1,,,
mankey,0,kadabra,1,kadabra,1,kabutops,1,snorlax,1,,,
primeape,0,alakazam,1,alakazam,1,aerodactyl,1,articuno,1,,,
growlithe,0,machop,1,machop,1,snorlax,1,articuno-1,1,,,
growlithe-1,0,machoke,1,machoke,1,articuno,1,zapdos,1,,,
arcanine,1,machamp,1,machamp,1,articuno-1,1,zapdos-1,1,,,
arcanine-1,0,bellsprout,1,bellsprout,1,zapdos,1,moltres,1,,,
poliwag,1,weepinbell,1,weepinbell,1,zapdos-1,1,moltres-1,1,,,
poliwhirl,1,victreebel,1,victreebel,1,moltres,1,dragonite,1,,,
poliwrath,1,tentacool,1,tentacool,1,moltres-1,1,mewtwo,1,,,
abra,0,tentacruel,1,tentacruel,1,dragonite,1,mew,1,,,
kadabra,0,geodude,1,geodude,1,mewtwo,1,gen,,,,
kadabra-f,1,geodude-1,1,geodude-1,1,mew,1,meganium,1,,,
alakazam,0,graveler,1,graveler,1,gen,001,typhlosion,1,,,
alakazam-f,0,graveler-1,1,graveler-1,1,meganium,1,typhlosion-1,1,,,
machop,0,golem,1,golem,1,typhlosion,1,feraligatr,1,,,
machoke,0,golem-1,1,golem-1,1,typhlosion-1,1,furret,1,,,
machamp,0,ponyta,1,ponyta,1,feraligatr,1,noctowl,1,,,
bellsprout,0,ponyta-1,1,ponyta-1,1,furret,1,ledian,1,,,
weepinbell,0,rapidash,1,rapidash,1,noctowl,1,ariados,1,,,
victreebel,0,rapidash-1,1,rapidash-1,1,ledian,1,crobat,1,,,
tentacool,0,slowpoke,1,slowpoke,1,ariados,1,lanturn,1,,,
tentacruel,0,slowpoke-1,1,slowpoke-1,1,crobat,1,xatu,1,,,
geodude,0,slowbro,1,slowbro,1,lanturn,1,ampharos,1,,,
geodude-1,0,slowbro-1,1,slowbro-1,1,xatu,1,bellossom,1,,,
graveler,0,magnemite,1,magnemite,1,ampharos,1,azumarill,1,,,
graveler-1,0,magneton,1,magneton,1,bellossom,1,sudowoodo,1,,,
golem,0,farfetch'd,1,farfetch'd,1,azumarill,1,politoed,1,,,
golem-1,0,farfetch'd-1,1,farfetch'd-1,1,sudowoodo,1,jumpluff,1,,,
ponyta,0,doduo,1,doduo,1,politoed,1,sunflora,1,,,
ponyta-1,1,dodrio,1,dodrio,1,jumpluff,1,quagsire,1,,,
rapidash,0,seel,1,seel,1,sunflora,1,espeon,1,,,
rapidash-1,0,dewgong,1,dewgong,1,quagsire,1,umbreon,1,,,
slowpoke,1,grimer,1,grimer,1,espeon,1,slowking,1,,,
slowpoke-1,0,grimer-1,1,grimer-1,1,umbreon,1,slowking-1,1,,,
slowbro,1,muk,1,muk,1,slowking,1,unown,1,,,
slowbro-1,0,muk-1,1,muk-1,1,slowking-1,1,wobbuffet,1,,,
magnemite,0,shellder,1,shellder,1,unown,1,forretress,1,,,
magneton,1,cloyster,1,cloyster,1,unown-1,1,steelix,1,,,
farfetch'd,1,gastly,1,gastly,1,unown-2,1,granbull,1,,,
farfetch'd-1,1,haunter,1,haunter,1,unown-3,1,qwilfish,1,,,
doduo,1,gengar,1,gengar,1,unown-4,1,scizor,1,,,
doduo-f,1,onix,1,onix,1,unown-5,1,shuckle,1,,,
dodrio,1,drowzee,1,drowzee,1,unown-6,1,heracross,1,,,
dodrio-f,1,hypno,1,hypno,1,unown-7,1,magcargo,1,,,
seel,1,krabby,1,krabby,1,unown-8,1,corsola,1,,,
dewgong,1,kingler,1,kingler,1,unown-9,1,octillery,1,,,
grimer,0,voltorb,1,voltorb,1,unown-10,1,delibird,1,,,
grimer-1,0,voltorb-1,1,voltorb-1,1,unown-11,1,mantine,1,,,
muk,0,electrode,1,electrode,1,unown-12,1,skarmory,1,,,
muk-1,0,electrode-1,1,electrode-1,1,unown-13,1,houndoom,1,,,
shellder,1,exeggcute,1,exeggcute,1,unown-14,1,kingdra,1,,,
cloyster,1,exeggutor,1,exeggutor,1,unown-15,1,donphan,1,,,
gastly,0,exeggutor-1,1,exeggutor-1,1,unown-16,1,smeargle,1,,,
haunter,0,cubone,1,cubone,1,unown-17,1,hitmontop,1,,,
gengar,0,marowak,1,marowak,1,unown-18,1,miltank,1,,,
onix,0,marowak-1,1,marowak-1,1,unown-19,1,blissey,1,,,
drowzee,1,hitmonlee,1,hitmonlee,1,unown-20,1,raikou,1,,,
hypno,1,hitmonchan,1,hitmonchan,1,unown-21,1,entei,1,,,
hypno-f,1,lickitung,1,lickitung,1,unown-22,1,suicune,1,,,
krabby,1,koffing,1,koffing,1,unown-23,1,tyranitar,1,,,
kingler,1,weezing,1,weezing,1,unown-24,1,lugia,1,,,
voltorb,1,weezing-1,1,weezing-1,1,unown-25,1,ho-oh,1,,,
voltorb-1,0,rhyhorn,1,rhyhorn,1,unown-26,1,celebi,001,,,
electrode,1,rhydon,1,rhydon,1,unown-27,1,gen,,,,
electrode-1,0,chansey,1,chansey,1,wobbuffet,1,sceptile,1,,,
exeggcute,0,tangela,1,tangela,1,forretress,1,blaziken,1,,,
exeggutor,0,kangaskhan,1,kangaskhan,1,steelix,1,swampert,1,,,
exeggutor-1,0,horsea,1,horsea,1,granbull,1,mightyena,1,,,
cubone,1,seadra,1,seadra,1,qwilfish,1,linoone,1,,,
marowak,1,goldeen,1,goldeen,1,scizor,1,beautifly,1,,,
marowak-1,1,seaking,1,seaking,1,shuckle,1,dustox,1,,,
hitmonlee,0,staryu,1,staryu,1,heracross,1,ludicolo,1,,,
hitmonchan,0,starmie,1,starmie,1,magcargo,1,shiftry,1,,,
lickitung,0,mr. mime,1,mr. mime,1,corsola,1,swellow,1,,,
koffing,0,mr. mime-1,1,mr. mime-1,1,octillery,1,pelipper,1,,,
weezing,0,scyther,1,scyther,1,delibird,1,gardevoir,1,,,
weezing-1,0,jynx,1,jynx,1,mantine,1,masquerain,1,,,
rhyhorn,1,electabuzz,1,electabuzz,1,skarmory,1,breloom,1,,,
rhyhorn-f,0,magmar,1,magmar,1,houndoom,1,slaking,1,,,
rhydon,0,pinsir,1,pinsir,1,kingdra,1,ninjask,1,,,
rhydon-f,0,tauros,1,tauros,1,donphan,1,shedinja,1,,,
chansey,0,tauros-1,1,tauros-1,1,smeargle,1,exploud,1,,,
tangela,0,tauros-2,1,magikarp,1,hitmontop,1,hariyama,1,,,
kangaskhan,1,tauros-3,1,gyarados,1,miltank,1,delcatty,1,,,
horsea,0,magikarp,1,lapras,1,blissey,1,sableye,1,,,
seadra,0,gyarados,1,ditto,1,raikou,1,mawile,1,,,
goldeen,1,lapras,1,eevee,1,entei,1,aggron,1,,,
goldeen-f,1,ditto,1,vaporeon,1,suicune,1,medicham,1,,,
seaking,1,eevee,1,jolteon,1,tyranitar,1,manectric,1,,,
seaking-f,1,vaporeon,1,flareon,1,lugia,1,plusle,1,,,
staryu,1,jolteon,1,porygon,1,ho-oh,1,minun,1,,,
starmie,1,flareon,1,omanyte,1,celebi,001,volbeat,1,,,
mr. mime,1,porygon,1,omastar,1,gen,1,illumise,1,,,
mr. mime-1,1,omanyte,1,kabuto,1,sceptile,1,swalot,1,,,
scyther,0,omastar,1,kabutops,1,blaziken,1,sharpedo,1,,,
scyther-f,1,kabuto,1,aerodactyl,1,swampert,1,wailord,1,,,
jynx,1,kabutops,1,snorlax,1,mightyena,1,camerupt,1,,,
electabuzz,0,aerodactyl,1,articuno,1,linoone,1,torkoal,1,,,
magmar,0,snorlax,1,articuno-1,1,beautifly,1,grumpig,1,,,
pinsir,1,articuno,1,zapdos,1,dustox,1,spinda,1,,,
tauros,0,articuno-1,1,zapdos-1,1,ludicolo,1,flygon,1,,,
tauros-1,0,zapdos,1,moltres,1,shiftry,1,cacturne,1,,,
tauros-2,1,zapdos-1,1,moltres-1,1,swellow,1,altaria,1,,,
tauros-3,0,moltres,1,dratini,1,pelipper,1,zangoose,1,,,
magikarp,0,moltres-1,1,dragonair,1,gardevoir,1,seviper,1,,,
magikarp-f,0,dratini,1,dragonite,1,masquerain,1,lunatone,1,,,
gyarados,1,dragonair,1,mewtwo,1,breloom,1,solrock,1,,,
gyarados-f,0,dragonite,1,mew,1,slaking,1,whiscash,1,,,
lapras,0,mewtwo,1,gen,001,ninjask,1,crawdaunt,1,,,
ditto,1,mew,1,chikorita,1,shedinja,1,claydol,1,,,
eevee,0,gen,1,bayleef,1,exploud,1,cradily,1,,,
eevee-f,1,chikorita,1,meganium,1,hariyama,1,armaldo,1,,,
vaporeon,0,bayleef,1,cyndaquil,1,delcatty,1,milotic,1,,,
jolteon,0,meganium,1,quilava,1,sableye,1,castform,1,,,
flareon,1,cyndaquil,1,typhlosion,1,mawile,1,kecleon,1,,,
porygon,1,quilava,1,typhlosion-1,1,aggron,1,banette,1,,,
omanyte,1,typhlosion,1,totodile,1,medicham,1,tropius,1,,,
omastar,1,typhlosion-1,1,croconaw,1,manectric,1,chimecho,1,,,
kabuto,1,totodile,001,feraligatr,1,plusle,1,absol,1,,,
kabutops,1,croconaw,1,sentret,1,minun,1,glalie,1,,,
aerodactyl,1,feraligatr,1,furret,1,volbeat,1,walrein,1,,,
snorlax,0,sentret,1,hoothoot,1,illumise,1,huntail,1,,,
articuno,1,furret,1,noctowl,1,swalot,1,gorebyss,1,,,
articuno-1,1,hoothoot,1,ledyba,1,sharpedo,1,relicanth,1,,,
zapdos,1,noctowl,1,ledian,1,wailord,1,luvdisc,1,,,
zapdos-1,1,ledyba,1,spinarak,1,camerupt,1,salamence,1,,,
moltres,1,ledian,1,ariados,1,torkoal,1,metagross,1,,,
moltres-1,1,spinarak,1,crobat,1,grumpig,1,regirock,1,,,
dratini,0,ariados,1,chinchou,1,spinda,1,regice,1,,,
dragonair,0,crobat,1,lanturn,1,flygon,1,registeel,1,,,
dragonite,0,chinchou,1,pichu,1,cacturne,1,latias,1,,,
mewtwo,1,lanturn,1,cleffa,1,altaria,1,latios,1,,,
mew,1,pichu,1,igglybuff,1,zangoose,1,kyogre,1,,,
gen,,cleffa,1,togepi,1,seviper,1,groudon,1,,,
chikorita,1,igglybuff,1,togetic,1,lunatone,1,rayquaza,1,,,
bayleef,1,togepi,1,natu,1,solrock,1,jirachi,1,,,
meganium,1,togetic,1,xatu,1,whiscash,1,deoxys,001,,,
meganium-f,1,natu,1,mareep,1,crawdaunt,1,gen,,,,
cyndaquil,0,xatu,1,flaaffy,1,claydol,1,torterra,1,,,
quilava,0,mareep,1,ampharos,1,cradily,1,infernape,1,,,
typhlosion,0,flaaffy,1,bellossom,1,armaldo,1,empoleon,1,,,
typhlosion-1,0,ampharos,1,marill,1,milotic,1,staraptor,1,,,
totodile,1,bellossom,1,azumarill,1,castform,1,bibarel,1,,,
croconaw,1,marill,1,sudowoodo,1,kecleon,1,kricketune,1,,,
feraligatr,1,azumarill,1,politoed,1,banette,1,luxray,1,,,
sentret,1,sudowoodo,1,hoppip,1,tropius,1,roserade,1,,,
furret,1,politoed,1,skiploom,1,chimecho,1,rampardos,1,,,
hoothoot,1,hoppip,1,jumpluff,1,absol,1,bastiodon,1,,,
noctowl,1,skiploom,1,aipom,1,glalie,1,wormadam,1,,,
ledyba,1,jumpluff,1,sunkern,1,walrein,1,mothim,1,,,
ledyba-f,1,aipom,1,sunflora,1,huntail,1,vespiquen,1,,,
ledian,1,sunkern,1,yanma,1,gorebyss,1,pachirisu,1,,,
ledian-f,1,sunflora,1,wooper,1,relicanth,1,floatzel,1,,,
spinarak,0,yanma,1,wooper-1,1,luvdisc,1,cherrim,1,,,
ariados,0,wooper,1,quagsire,1,salamence,1,gastrodon,1,,,
crobat,0,wooper-1,1,espeon,1,metagross,1,ambipom,1,,,
chinchou,1,quagsire,1,umbreon,1,regirock,1,drifblim,1,,,
lanturn,1,espeon,1,murkrow,1,regice,1,lopunny,1,,,
pichu,1,umbreon,1,slowking,1,registeel,1,mismagius,1,,,
cleffa,0,murkrow,1,slowking-1,1,latias,1,honchkrow,1,,,
igglybuff,1,slowking,1,misdreavus,1,latios,1,purugly,1,,,
togepi,0,slowking-1,1,unown,1,kyogre,1,skuntank,1,,,
togetic,0,misdreavus,1,wobbuffet,1,groudon,1,bronzong,1,,,
natu,1,unown,1,girafarig,1,rayquaza,1,chatot,1,,,
xatu,1,unown-1,1,pineco,1,jirachi,1,spiritomb,1,,,
xatu-f,1,unown-2,1,forretress,1,deoxys,1,garchomp,1,,,
mareep,0,unown-3,1,dunsparce,1,deoxys-1,1,lucario,1,,,
flaaffy,0,unown-4,1,gligar,1,deoxys-2,1,hippowdon,1,,,
ampharos,0,unown-5,1,steelix,1,deoxys-3,1,drapion,1,,,
bellossom,0,unown-6,1,snubbull,1,gen,1,toxicroak,1,,,
marill,1,unown-7,1,granbull,1,torterra,1,carnivine,1,,,
azumarill,1,unown-8,1,qwilfish,1,infernape,1,lumineon,1,,,
sudowoodo,0,unown-9,1,qwilfish-1,1,empoleon,1,abomasnow,1,,,
sudowoodo-f,0,unown-10,1,scizor,1,staraptor,1,weavile,1,,,
politoed,1,unown-11,1,shuckle,1,bibarel,1,magnezone,1,,,
politoed-f,1,unown-12,1,heracross,1,kricketune,1,lickilicky,1,,,
hoppip,0,unown-13,1,sneasel,1,luxray,1,rhyperior,1,,,
skiploom,0,unown-14,1,sneasel-1,1,roserade,1,tangrowth,1,,,
jumpluff,0,unown-15,1,teddiursa,1,rampardos,1,electivire,1,,,
aipom,0,unown-16,1,ursaring,1,bastiodon,1,magmortar,1,,,
aipom-f,0,unown-17,1,slugma,1,wormadam,1,togekiss,1,,,
sunkern,1,unown-18,1,magcargo,1,wormadam-1,1,yanmega,1,,,
sunflora,1,unown-19,1,swinub,1,wormadam-2,1,leafeon,1,,,
yanma,0,unown-20,1,piloswine,1,mothim,1,glaceon,1,,,
wooper,1,unown-21,1,corsola,1,vespiquen,1,gliscor,1,,,
wooper-f,1,unown-22,1,corsola-1,1,pachirisu,1,mamoswine,1,,,
wooper-1,0,unown-23,1,remoraid,1,floatzel,1,porygon-z,1,,,
quagsire,1,unown-24,1,octillery,1,cherrim,1,gallade,1,,,
quagsire-f,0,unown-25,1,delibird,1,gastrodon,1,probopass,1,,,
espeon,1,unown-26,1,mantine,1,gastrodon-1,1,dusknoir,1,,,
umbreon,1,unown-27,1,skarmory,1,ambipom,1,froslass,1,,,
murkrow,0,wobbuffet,1,houndour,1,drifblim,1,rotom,1,,,
murkrow-f,0,girafarig,1,houndoom,1,lopunny,1,uxie,1,,,
slowking,1,pineco,1,kingdra,1,mismagius,1,mesprit,1,,,
slowking-1,0,forretress,1,phanpy,1,honchkrow,1,azelf,1,,,
misdreavus,0,dunsparce,1,donphan,1,purugly,1,dialga,1,,,
unown,1,gligar,1,porygon2,1,skuntank,1,palkia,1,,,
unown-1,1,steelix,1,stantler,1,bronzong,1,heatran,1,,,
unown-2,1,snubbull,1,smeargle,1,chatot,1,regigigas,1,,,
unown-3,1,granbull,1,tyrogue,1,spiritomb,1,giratina,1,,,
unown-4,1,qwilfish,1,hitmontop,1,garchomp,1,cresselia,1,,,
unown-5,1,qwilfish-1,1,smoochum,1,lucario,1,phione,1,,,
unown-6,1,scizor,1,elekid,1,hippowdon,1,manaphy,1,,,
unown-7,1,shuckle,1,magby,1,drapion,1,darkrai,1,,,
unown-8,1,heracross,1,miltank,1,toxicroak,1,shaymin,1,,,
unown-9,1,sneasel,1,blissey,1,carnivine,1,arceus,1,,,
unown-10,1,sneasel-1,1,raikou,1,lumineon,1,gen,,,,
unown-11,1,teddiursa,1,entei,1,abomasnow,1,victini,1,,,
unown-12,1,ursaring,1,suicune,1,weavile,1,serperior,1,,,
unown-13,1,slugma,1,larvitar,1,magnezone,1,emboar,1,,,
unown-14,1,magcargo,1,pupitar,1,lickilicky,1,samurott,1,,,
unown-15,1,swinub,1,tyranitar,1,rhyperior,1,samurott-1,1,,,
unown-16,1,piloswine,1,lugia,1,tangrowth,1,watchog,1,,,
unown-17,1,corsola,1,ho-oh,1,electivire,1,stoutland,1,,,
unown-18,1,corsola-1,1,celebi,1,magmortar,1,liepard,1,,,
unown-19,1,remoraid,1,gen,1,togekiss,1,simisage,1,,,
unown-20,1,octillery,1,treecko,1,yanmega,1,simisear,1,,,
unown-21,1,delibird,1,grovyle,1,leafeon,1,simipour,1,,,
unown-22,0,mantine,1,sceptile,1,glaceon,1,musharna,1,,,
unown-23,1,skarmory,1,torchic,1,gliscor,1,unfezant,1,,,
unown-24,1,houndour,1,combusken,1,mamoswine,1,zebstrika,1,,,
unown-25,1,houndoom,1,blaziken,1,porygon-z,1,gigalith,1,,,
unown-26,1,kingdra,1,mudkip,1,gallade,1,swoobat,1,,,
unown-27,1,phanpy,1,marshtomp,1,probopass,1,excadrill,1,,,
wobbuffet,1,donphan,1,swampert,1,dusknoir,1,audino,1,,,
wobbuffet-f,1,porygon2,1,poochyena,1,froslass,1,conkeldurr,1,,,
girafarig,1,stantler,1,mightyena,1,rotom,1,seismitoad,1,,,
girafarig-f,0,smeargle,1,zigzagoon,1,rotom-1,1,throh,1,,,
pineco,1,tyrogue,1,zigzagoon-1,1,rotom-2,1,sawk,1,,,
forretress,1,hitmontop,1,linoone,1,rotom-3,1,leavanny,1,,,
dunsparce,0,smoochum,1,linoone-1,1,rotom-4,1,scolipede,1,,,
gligar,0,elekid,1,wurmple,1,rotom-5,1,whimsicott,1,,,
gligar-f,1,magby,1,silcoon,1,uxie,1,lilligant,1,,,
steelix,1,miltank,1,beautifly,1,mesprit,1,lilligant-1,1,,,
steelix-f,0,blissey,1,cascoon,1,azelf,1,krookodile,1,,,
snubbull,1,raikou,1,dustox,1,dialga,1,darmanitan,1,,,
granbull,0,entei,1,lotad,1,palkia,1,darmanitan-1,1,,,
qwilfish,0,suicune,1,lombre,1,heatran,1,maractus,1,,,
qwilfish-1,0,larvitar,1,ludicolo,1,regigigas,1,crustle,1,,,
scizor,1,pupitar,1,seedot,1,giratina,1,scrafty,1,,,
scizor-f,0,tyranitar,1,nuzleaf,1,cresselia,1,sigilyph,1,,,
shuckle,1,lugia,1,shiftry,1,phione,1,cofagrigus,1,,,
heracross,0,ho-oh,1,taillow,1,manaphy,1,carracosta,1,,,
heracross-f,1,celebi,1,swellow,1,darkrai,1,archeops,1,,,
sneasel,1,gen,1,wingull,1,shaymin,1,garbodor,1,,,
sneasel-f,0,treecko,1,pelipper,1,shaymin-1,1,zoroark,1,,,
sneasel-1,1,grovyle,1,ralts,1,arceus,1,zoroark-1,1,,,
sneasel-1-f,0,sceptile,1,kirlia,1,gen,1,cinccino,1,,,
teddiursa,0,torchic,1,gardevoir,1,victini,1,gothitelle,1,,,
ursaring,0,combusken,1,surskit,1,serperior,1,reuniclus,1,,,
ursaring-f,0,blaziken,1,masquerain,1,emboar,1,swanna,1,,,
slugma,0,mudkip,1,shroomish,1,samurott,1,vanilluxe,1,,,
magcargo,0,marshtomp,1,breloom,1,samurott-1,1,sawsbuck,1,,,
swinub,0,swampert,1,slakoth,1,watchog,1,emolga,1,,,
piloswine,0,poochyena,1,vigoroth,1,stoutland,1,escavalier,1,,,
piloswine-f,0,mightyena,1,slaking,1,liepard,1,amoonguss,1,,,
corsola,1,zigzagoon,1,nincada,1,simisage,1,jellicent,1,,,
corsola-1,1,zigzagoon-1,1,ninjask,1,simisear,1,alomomola,1,,,
remoraid,0,linoone,1,shedinja,1,simipour,1,galvantula,1,,,
octillery,1,linoone-1,1,whismur,1,musharna,1,ferrothorn,1,,,
octillery-f,0,wurmple,1,loudred,1,unfezant,1,klinklang,1,,,
delibird,1,silcoon,1,exploud,1,zebstrika,1,eelektross,1,,,
mantine,0,beautifly,1,makuhita,1,gigalith,1,beheeyem,1,,,
skarmory,0,cascoon,1,hariyama,1,swoobat,1,chandelure,1,,,
houndour,0,dustox,1,azurill,1,excadrill,1,haxorus,1,,,
houndoom,1,lotad,1,nosepass,1,audino,1,beartic,1,,,
houndoom-f,0,lombre,1,skitty,1,conkeldurr,1,cryogonal,1,,,
kingdra,0,ludicolo,1,delcatty,1,seismitoad,1,accelgor,1,,,
phanpy,1,seedot,1,sableye,1,throh,1,stunfisk,1,,,
donphan,1,nuzleaf,1,mawile,1,sawk,1,stunfisk-1,1,,,
donphan-f,1,shiftry,1,aron,1,leavanny,1,mienshao,1,,,
porygon2,0,taillow,1,lairon,1,scolipede,1,druddigon,1,,,
stantler,0,swellow,1,aggron,1,whimsicott,1,golurk,1,,,
smeargle,1,wingull,1,meditite,1,lilligant,1,bouffalant,1,,,
tyrogue,0,pelipper,1,medicham,1,lilligant-1,1,braviary,1,,,
hitmontop,0,ralts,1,electrike,1,basculin,1,braviary-1,1,,,
smoochum,1,kirlia,1,manectric,1,basculin-1,1,mandibuzz,1,,,
elekid,0,gardevoir,1,plusle,1,krookodile,1,heatmor,1,,,
magby,0,surskit,1,minun,1,darmanitan,1,durant,1,,,
miltank,1,masquerain,1,volbeat,1,darmanitan-1,1,hydreigon,1,,,
blissey,0,shroomish,1,illumise,1,maractus,1,volcarona,1,,,
raikou,1,breloom,1,roselia,1,crustle,1,cobalion,1,,,
entei,1,slakoth,1,gulpin,1,scrafty,1,terrakion,1,,,
suicune,1,vigoroth,1,swalot,1,sigilyph,1,virizion,1,,,
larvitar,1,slaking,1,carvanha,1,cofagrigus,1,tornadus,1,,,
pupitar,1,nincada,1,sharpedo,1,carracosta,1,thundurus,1,,,
tyranitar,1,ninjask,1,wailmer,1,archeops,1,reshiram,1,,,
lugia,1,shedinja,1,wailord,1,garbodor,1,zekrom,1,,,
ho-oh,1,whismur,1,numel,1,zoroark,1,landorus,1,,,
celebi,1,loudred,1,camerupt,1,zoroark-1,1,kyurem,1,,,
gen,,exploud,1,torkoal,1,cinccino,1,keldeo,1,,,
treecko,0,makuhita,1,spoink,1,gothitelle,1,meloetta,1,,,
grovyle,0,hariyama,1,grumpig,1,reuniclus,1,genesect,1,,,
sceptile,0,azurill,1,spinda,1,swanna,1,gen,,,,
torchic,0,nosepass,1,trapinch,1,vanilluxe,1,chesnaught,1,,,
torchic-f,1,skitty,1,vibrava,1,sawsbuck,1,delphox,1,,,
combusken,0,delcatty,1,flygon,1,sawsbuck-1,1,greninja,1,,,
combusken-f,1,sableye,1,cacnea,1,sawsbuck-2,1,diggersby,1,,,
blaziken,0,mawile,1,cacturne,1,sawsbuck-3,1,talonflame,1,,,
blaziken-f,1,aron,1,swablu,1,emolga,1,vivillon,1,,,
mudkip,0,lairon,1,altaria,1,escavalier,1,pyroar,1,,,
marshtomp,0,aggron,1,zangoose,1,amoonguss,1,florges,1,,,
swampert,0,meditite,1,seviper,1,jellicent,1,gogoat,1,,,
poochyena,1,medicham,1,lunatone,1,alomomola,1,pangoro,1,,,
mightyena,1,electrike,1,solrock,1,galvantula,1,furfrou,1,,,
zigzagoon,1,manectric,1,barboach,1,ferrothorn,1,meowstic,1,,,
zigzagoon-1,1,plusle,1,whiscash,1,klinklang,1,aegislash,1,,,
linoone,1,minun,1,corphish,1,eelektross,1,aromatisse,1,,,
linoone-1,1,volbeat,1,crawdaunt,1,beheeyem,1,slurpuff,1,,,
wurmple,0,illumise,1,baltoy,1,chandelure,1,malamar,1,,,
silcoon,0,roselia,1,claydol,1,haxorus,1,barbaracle,1,,,
beautifly,0,gulpin,1,lileep,1,beartic,1,dragalge,1,,,
beautifly-f,0,swalot,1,cradily,1,cryogonal,1,clawitzer,1,,,
cascoon,0,carvanha,1,anorith,1,accelgor,1,heliolisk,1,,,
dustox,0,sharpedo,1,armaldo,1,stunfisk,1,tyrantrum,1,,,
dustox-f,0,wailmer,1,feebas,1,stunfisk-1,1,aurorus,1,,,
lotad,1,wailord,1,milotic,1,mienshao,1,sylveon,1,,,
lombre,1,numel,1,castform,1,druddigon,1,hawlucha,1,,,
ludicolo,1,camerupt,1,kecleon,1,golurk,1,dedenne,1,,,
ludicolo-f,1,torkoal,1,shuppet,1,bouffalant,1,carbink,1,,,
seedot,1,spoink,1,banette,1,braviary,1,goodra,1,,,
nuzleaf,0,grumpig,1,duskull,1,braviary-1,1,goodra-1,1,,,
nuzleaf-f,0,spinda,1,dusclops,1,mandibuzz,1,klefki,1,,,
shiftry,1,trapinch,1,tropius,1,heatmor,1,trevenant,1,,,
shiftry-f,1,vibrava,1,chimecho,1,durant,1,gourgeist,1,,,
taillow,1,flygon,1,absol,1,hydreigon,1,avalugg,1,,,
swellow,0,cacnea,1,wynaut,1,volcarona,1,avalugg-1,1,,,
wingull,1,cacturne,1,snorunt,1,cobalion,1,noivern,1,,,
pelipper,0,swablu,1,glalie,1,terrakion,1,xerneas,1,,,
ralts,1,altaria,1,spheal,1,virizion,1,yveltal,1,,,
kirlia,0,zangoose,1,sealeo,1,tornadus,1,zygarde,1,,,
gardevoir,0,seviper,1,walrein,1,tornadus-1,1,diancie,1,,,
surskit,0,lunatone,1,clamperl,1,thundurus,1,hoopa,1,,,
masquerain,0,solrock,1,huntail,1,thundurus-1,1,volcanion,1,,,
shroomish,0,barboach,1,gorebyss,1,reshiram,1,gen,,,,
breloom,0,whiscash,1,relicanth,1,zekrom,1,decidueye,1,,,
slakoth,0,corphish,1,luvdisc,1,landorus,1,decidueye-1,1,,,
vigoroth,0,crawdaunt,1,bagon,1,landorus-1,1,incineroar,1,,,
slaking,0,baltoy,1,shelgon,1,kyurem,1,primarina,1,,,
nincada,1,claydol,1,salamence,1,keldeo,1,toucannon,1,,,
ninjask,1,lileep,1,beldum,1,keldeo-1,1,gumshoos,1,,,
shedinja,1,cradily,1,metang,1,meloetta,1,vikavolt,1,,,
whismur,1,anorith,1,metagross,1,genesect,1,crabominable,1,,,
loudred,1,armaldo,1,regirock,1,gen,1,oricorio,1,,,
exploud,1,feebas,1,regice,1,chesnaught,1,ribombee,1,,,
makuhita,1,milotic,1,registeel,1,delphox,1,lycanroc,1,,,
hariyama,1,castform,1,latias,1,greninja,1,wishiwashi,1,,,
azurill,1,kecleon,1,latios,1,diggersby,1,toxapex,1,,,
nosepass,0,shuppet,1,kyogre,1,talonflame,1,mudsdale,1,,,
skitty,1,banette,1,groudon,1,vivillon,1,araquanid,1,,,
delcatty,1,duskull,1,rayquaza,1,vivillon-1,1,lurantis,1,,,
sableye,0,dusclops,1,jirachi,1,vivillon-2,1,shiinotic,1,,,
mawile,1,tropius,1,deoxys,1,vivillon-3,1,salazzle,1,,,
aron,1,chimecho,1,gen,1,vivillon-4,1,bewear,1,,,
lairon,1,absol,1,turtwig,1,vivillon-5,1,tsareena,1,,,
aggron,1,wynaut,1,grotle,1,vivillon-6,1,comfey,1,,,
meditite,1,snorunt,1,torterra,1,vivillon-7,1,oranguru,1,,,
meditite-f,1,glalie,1,chimchar,1,vivillon-8,1,passimian,1,,,
medicham,0,spheal,1,monferno,1,vivillon-9,1,golisopod,1,,,
medicham-f,0,sealeo,1,infernape,1,vivillon-10,1,palossand,1,,,
electrike,1,walrein,1,piplup,1,vivillon-11,1,pyukumuku,1,,,
manectric,1,clamperl,1,prinplup,1,vivillon-12,1,silvally,1,,,
plusle,1,huntail,1,empoleon,1,vivillon-13,1,minior,1,,,
minun,1,gorebyss,1,starly,1,vivillon-14,1,komala,1,,,
volbeat,1,relicanth,1,staravia,1,vivillon-15,1,turtonator,1,,,
illumise,1,luvdisc,1,staraptor,1,vivillon-16,1,togedemaru,1,,,
roselia,1,bagon,1,bidoof,1,vivillon-17,1,mimikyu,1,,,
roselia-f,1,shelgon,1,bibarel,1,vivillon-18,1,bruxish,1,,,
gulpin,1,salamence,1,kricketot,1,vivillon-19,1,drampa,1,,,
gulpin-f,1,beldum,1,kricketune,1,pyroar,1,dhelmise,1,,,
swalot,1,metang,1,shinx,1,florges,1,kommo-o,1,,,
swalot-f,1,metagross,1,luxio,1,florges-1,1,tapu koko,1,,,
carvanha,1,regirock,1,luxray,1,florges-2,1,tapu lele,1,,,
sharpedo,1,regice,1,budew,1,florges-3,1,tapu bulu,1,,,
wailmer,1,registeel,1,roserade,1,florges-4,1,tapu fini,1,,,
wailord,1,latias,1,cranidos,1,gogoat,1,solgaleo,1,,,
numel,0,latios,1,rampardos,1,pangoro,1,lunala,1,,,
numel-f,0,kyogre,1,shieldon,1,furfrou,1,nihilego,1,,,
camerupt,0,groudon,1,bastiodon,1,furfrou-1,1,buzzwole,1,,,
camerupt-f,0,rayquaza,1,burmy,1,furfrou-2,1,pheromosa,1,,,
torkoal,1,jirachi,1,wormadam,1,furfrou-3,1,xurkitree,1,,,
spoink,1,deoxys,1,mothim,1,furfrou-4,1,celesteela,1,,,
grumpig,0,deoxys-1,1,combee,1,furfrou-5,1,kartana,1,,,
spinda,1,deoxys-2,1,vespiquen,1,furfrou-6,1,guzzlord,1,,,
trapinch,0,deoxys-3,1,pachirisu,1,furfrou-7,1,necrozma,1,,,
vibrava,0,gen,1,buizel,1,furfrou-8,1,magearna,1,,,
flygon,0,turtwig,1,floatzel,1,furfrou-9,1,marshadow,1,,,
cacnea,1,grotle,1,cherubi,1,meowstic,1,naganadel,1,,,
cacturne,1,torterra,1,cherrim,1,aegislash,1,stakataka,1,,,
cacturne-f,1,chimchar,1,shellos,1,aromatisse,1,blacephalon,1,,,
swablu,0,monferno,1,gastrodon,1,slurpuff,1,zeraora,1,,,
altaria,0,infernape,1,ambipom,1,malamar,1,melmetal,1,,,
zangoose,1,piplup,1,drifloon,1,barbaracle,1,gen,,,,
seviper,0,prinplup,1,drifblim,1,dragalge,1,rillaboom,1,,,
lunatone,1,empoleon,1,buneary,1,clawitzer,1,cinderace,1,,,
solrock,1,starly,1,lopunny,1,heliolisk,1,inteleon,1,,,
barboach,0,staravia,1,mismagius,1,tyrantrum,1,greedent,1,,,
whiscash,0,staraptor,1,honchkrow,1,aurorus,1,corviknight,1,,,
corphish,1,bidoof,1,glameow,1,sylveon,1,orbeetle,1,,,
crawdaunt,1,bibarel,1,purugly,1,hawlucha,1,thievul,1,,,
baltoy,1,kricketot,1,chingling,1,dedenne,1,eldegoss,1,,,
claydol,1,kricketune,1,stunky,1,carbink,1,dubwool,1,,,
lileep,1,shinx,1,skuntank,1,goodra,1,drednaw,1,,,
cradily,1,luxio,1,bronzor,1,goodra-1,1,boltund,1,,,
anorith,1,luxray,1,bronzong,1,klefki,1,coalossal,1,,,
armaldo,1,budew,1,bonsly,1,trevenant,1,flapple,1,,,
feebas,1,roserade,1,mime jr.,1,gourgeist,1,appletun,1,,,
milotic,1,cranidos,1,happiny,1,gourgeist-1,1,sandaconda,1,,,
milotic-f,1,rampardos,1,chatot,1,gourgeist-2,1,cramorant,1,,,
castform,1,shieldon,1,spiritomb,1,gourgeist-3,1,barraskewda,1,,,
kecleon,1,bastiodon,1,gible,1,avalugg,1,toxtricity,1,,,
shuppet,1,burmy,1,gabite,1,avalugg-1,1,centiskorch,1,,,
banette,1,burmy-1,1,garchomp,1,noivern,1,grapploct,1,,,
duskull,0,burmy-2,1,munchlax,1,xerneas,1,polteageist,1,,,
dusclops,0,wormadam,1,riolu,1,yveltal,1,hatterene,1,,,
tropius,1,wormadam-1,1,lucario,1,zygarde,1,grimmsnarl,1,,,
chimecho,1,wormadam-2,1,hippopotas,1,zygarde-1,1,obstagoon,1,,,
absol,1,mothim,1,hippowdon,1,diancie,1,perrserker,1,,,
wynaut,1,combee,1,skorupi,1,hoopa,1,cursola,1,,,
snorunt,0,vespiquen,1,drapion,1,hoopa,1,sirfetch'd,1,,,
glalie,0,pachirisu,1,croagunk,1,volcanion,1,mr. rime,1,,,
spheal,0,buizel,1,toxicroak,1,gen,1,runerigus,1,,,
sealeo,0,floatzel,1,carnivine,1,decidueye,1,alcremie,1,,,
walrein,0,cherubi,1,finneon,1,decidueye-1,1,falinks,1,,,
clamperl,1,cherrim,1,lumineon,1,incineroar,1,pincurchin,1,,,
huntail,1,shellos,1,mantyke,1,primarina,1,frosmoth,1,,,
gorebyss,1,shellos-1,1,snover,1,toucannon,1,stonjourner,1,,,
relicanth,1,gastrodon,1,abomasnow,1,gumshoos,1,eiscue,1,,,
relicanth-f,1,gastrodon-1,1,weavile,1,vikavolt,1,indeedee,1,,,
luvdisc,0,ambipom,1,magnezone,1,crabominable,1,morpeko,1,,,
bagon,0,drifloon,1,lickilicky,1,oricorio,1,copperajah,1,,,
shelgon,0,drifblim,1,rhyperior,1,oricorio-1,1,dracozolt,1,,,
salamence,0,buneary,1,tangrowth,1,oricorio-2,1,arctozolt,1,,,
beldum,1,lopunny,1,electivire,1,oricorio-3,1,dracovish,1,,,
metang,1,mismagius,1,magmortar,1,ribombee,1,arctovish,1,,,
metagross,0,honchkrow,1,togekiss,1,lycanroc,1,dragapult,1,,,
regirock,1,glameow,1,yanmega,1,lycanroc-1,1,zacian,1,,,
regice,1,purugly,1,leafeon,1,lycanroc-2,1,zamazenta,1,,,
registeel,1,chingling,1,glaceon,1,wishiwashi,1,eternatus,1,,,
latias,1,stunky,1,gliscor,1,toxapex,1,urshifu,1,,,
latios,1,skuntank,1,mamoswine,1,mudsdale,1,zarude,1,,,
kyogre,1,bronzor,1,porygon-z,1,araquanid,1,regieleki,1,,,
groudon,1,bronzong,1,gallade,1,lurantis,1,regidrago,1,,,
rayquaza,0,bonsly,1,probopass,1,shiinotic,1,glastrier,1,,,
jirachi,1,mime jr.,1,dusknoir,1,salazzle,1,spectrier,1,,,
deoxys,1,happiny,1,froslass,1,bewear,1,calyrex,1,,,
deoxys-1,1,chatot,1,rotom,1,tsareena,1,wyrdeer,1,,,
deoxys-2,1,spiritomb,1,uxie,1,comfey,1,kleavor,1,,,
deoxys-3,1,gible,1,mesprit,1,oranguru,1,ursaluna,1,,,
gen,,gabite,1,azelf,1,passimian,1,basculegion,1,,,
turtwig,0,garchomp,1,dialga,1,golisopod,1,sneasler,1,,,
grotle,0,munchlax,1,palkia,1,palossand,1,overqwil,1,,,
torterra,0,riolu,1,heatran,1,pyukumuku,1,enamorus,1,,,
chimchar,0,lucario,1,regigigas,1,silvally,1,gen,,,,
monferno,0,hippopotas,1,giratina,1,minior,1,meowscarada,1,,,
infernape,0,hippowdon,1,cresselia,1,komala,1,skeledirge,1,,,
piplup,0,skorupi,1,phione,1,turtonator,1,quaquaval,1,,,
prinplup,0,drapion,1,manaphy,1,togedemaru,1,oinkologne,1,,,
empoleon,0,croagunk,1,darkrai,1,mimikyu,1,spidops,1,,,
starly,1,toxicroak,1,shaymin,1,bruxish,1,lokix,1,,,
starly-f,0,carnivine,1,arceus,1,drampa,1,pawmot,1,,,
staravia,0,finneon,1,gen,1,dhelmise,1,maushold,1,,,
staravia-f,0,lumineon,1,victini,1,kommo-o,1,dachsbun,1,,,
staraptor,0,mantyke,1,snivy,1,tapu koko,1,arboliva,1,,,
staraptor-f,0,snover,1,servine,1,tapu lele,1,squawkabilly,1,,,
bidoof,1,abomasnow,1,serperior,1,tapu bulu,1,garganacl,1,,,
bidoof-f,0,weavile,1,tepig,1,tapu fini,1,armarouge,1,,,
bibarel,1,magnezone,1,pignite,1,solgaleo,1,ceruledge,1,,,
bibarel-f,0,lickilicky,1,emboar,1,lunala,1,bellibolt,1,,,
kricketot,0,rhyperior,1,oshawott,1,nihilego,1,kilowattrel,1,,,
kricketot-f,0,tangrowth,1,dewott,1,buzzwole,1,mabosstiff,1,,,
kricketune,0,electivire,1,samurott,1,pheromosa,1,grafaiai,1,,,
kricketune-f,1,magmortar,1,samurott-1,1,xurkitree,1,brambleghast,1,,,
shinx,1,togekiss,1,patrat,1,celesteela,1,toedscruel,1,,,
shinx-f,0,yanmega,1,watchog,1,kartana,1,klawf,1,,,
luxio,1,leafeon,1,lillipup,1,guzzlord,1,scovillain,1,,,
luxio-f,0,glaceon,1,herdier,1,necrozma,1,rabsca,1,,,
luxray,0,gliscor,1,stoutland,1,magearna,1,espathra,1,,,
luxray-f,0,mamoswine,1,purrloin,1,marshadow,1,tinkaton,1,,,
budew,0,porygon-z,1,liepard,1,naganadel,1,wugtrio,1,,,
roserade,0,gallade,1,pansage,1,stakataka,1,bombirdier,1,,,
roserade-f,1,probopass,1,simisage,1,blacephalon,1,palafin,1,,,
cranidos,1,dusknoir,1,pansear,1,zeraora,1,revavroom,1,,,
rampardos,1,froslass,1,simisear,1,melmetal,1,cyclizar,1,,,
shieldon,0,rotom,1,panpour,1,gen,1,orthworm,1,,,
bastiodon,0,rotom-1,1,simipour,1,rillaboom,1,glimmora,1,,,
burmy,1,rotom-2,1,munna,1,cinderace,1,houndstone,1,,,
burmy-1,1,rotom-3,1,musharna,1,inteleon,1,flamigo,1,,,
burmy-2,1,rotom-4,1,pidove,1,greedent,1,cetitan,1,,,
wormadam,1,rotom-5,1,tranquill,1,corviknight,1,veluza,1,,,
wormadam-1,1,uxie,1,unfezant,1,orbeetle,1,dondozo,1,,,
wormadam-2,1,mesprit,1,blitzle,1,thievul,1,tatsugiri,1,,,
mothim,0,azelf,1,zebstrika,1,eldegoss,1,annihilape,1,,,
combee,0,dialga,1,roggenrola,1,dubwool,1,clodsire,1,,,
combee-f,1,palkia,1,boldore,1,drednaw,1,farigiraf,1,,,
vespiquen,1,heatran,1,gigalith,1,boltund,1,dudunsparce,1,,,
pachirisu,0,regigigas,1,woobat,1,coalossal,1,kingambit,1,,,
pachirisu-f,0,giratina,1,swoobat,1,flapple,1,great tusk,1,,,
buizel,1,cresselia,1,drilbur,1,appletun,1,scream tail,1,,,
buizel-f,0,phione,1,excadrill,1,sandaconda,1,brute bonnet,1,,,
floatzel,1,manaphy,1,audino,1,cramorant,1,flutter mane,1,,,
floatzel-f,0,darkrai,1,timburr,1,barraskewda,1,slither wing,1,,,
cherubi,1,shaymin,1,gurdurr,1,toxtricity,1,sandy shocks,1,,,
cherrim,1,shaymin-1,1,conkeldurr,1,toxtricity-1,1,iron treads,1,,,
shellos,1,arceus,1,tympole,1,centiskorch,1,iron bundle,1,,,
shellos-1,0,gen,1,palpitoad,1,grapploct,1,iron hands,1,,,
gastrodon,1,victini,1,seismitoad,1,polteageist,1,iron jugulis,1,,,
gastrodon-1,0,snivy,1,throh,1,polteageist-1,1,iron moth,1,,,
ambipom,0,servine,1,sawk,1,hatterene,1,iron thorns,1,,,
ambipom-f,0,serperior,1,sewaddle,1,grimmsnarl,1,baxcalibur,1,,,
drifloon,0,tepig,1,swadloon,1,obstagoon,1,gholdengo,1,,,
drifblim,0,pignite,1,leavanny,1,perrserker,1,wo-chien,1,,,
buneary,0,emboar,1,venipede,1,cursola,1,chien-pao,1,,,
lopunny,0,oshawott,1,whirlipede,1,sirfetch'd,1,ting-lu,1,,,
mismagius,0,dewott,1,scolipede,1,mr. rime,1,chi-yu,1,,,
honchkrow,1,samurott,1,cottonee,1,runerigus,1,roaring moon,1,,,
glameow,0,samurott-1,1,whimsicott,1,alcremie,1,iron valiant,1,,,
purugly,0,patrat,1,petilil,1,alcremie-1,1,koraidon,1,,,
chingling,1,watchog,1,lilligant,1,alcremie-2,1,miraidon,1,,,
stunky,0,lillipup,1,lilligant-1,1,alcremie-3,1,walking wake,1,,,
skuntank,0,herdier,1,basculin,1,alcremie-4,1,iron leaves,1,,,
bronzor,0,stoutland,1,basculin-2,1,alcremie-5,1,sinistcha,1,,,
bronzong,0,purrloin,1,sandile,1,alcremie-6,1,okidogi,1,,,
bonsly,0,liepard,1,krokorok,1,falinks,1,munkidori,1,,,
mime jr.,0,pansage,1,krookodile,1,pincurchin,1,fezandipiti,1,,,
happiny,0,simisage,1,darumaka,1,frosmoth,1,ogerpon,1,,,
chatot,0,pansear,1,darumaka-1,1,stonjourner,1,archaludon,1,,,
spiritomb,0,simisear,1,darmanitan,1,eiscue,1,hydrapple,1,,,
gible,0,panpour,1,darmanitan-1,1,indeedee,1,gouging fire,1,,,
gible-f,1,simipour,1,maractus,1,morpeko,1,raging bolt,1,,,
gabite,1,munna,1,dwebble,1,copperajah,1,iron boulder,1,,,
gabite-f,0,musharna,1,crustle,1,dracozolt,1,iron crown,1,,,
garchomp,1,pidove,1,scraggy,1,arctozolt,1,terapagos,1,,,
garchomp-f,0,tranquill,1,scrafty,1,dracovish,1,pecharunt,1,,,
munchlax,0,unfezant,1,sigilyph,1,arctovish,1,,,,,
riolu,0,blitzle,1,yamask,1,dragapult,1,,,,,
lucario,0,zebstrika,1,yamask-1,1,zacian,1,,,,,
hippopotas,0,roggenrola,1,cofagrigus,1,zamazenta,1,,,,,
hippopotas-f,0,boldore,1,tirtouga,1,eternatus,1,,,,,
hippowdon,0,gigalith,1,carracosta,1,urshifu,1,,,,,
hippowdon-f,0,woobat,1,archen,1,urshifu-1,1,,,,,
skorupi,0,swoobat,1,archeops,1,zarude,1,,,,,
drapion,0,drilbur,1,trubbish,1,zarude-1,1,,,,,
croagunk,0,excadrill,1,garbodor,1,regieleki,1,,,,,
croagunk-f,1,audino,1,zorua,1,regidrago,1,,,,,
toxicroak,0,timburr,1,zorua-1,1,glastrier,1,,,,,
toxicroak-f,1,gurdurr,1,zoroark,1,spectrier,1,,,,,
carnivine,0,conkeldurr,1,zoroark-1,1,calyrex,1,,,,,
finneon,1,tympole,1,minccino,1,wyrdeer,1,,,,,
finneon-f,0,palpitoad,1,cinccino,1,kleavor,1,,,,,
lumineon,0,seismitoad,1,gothita,1,ursaluna,1,,,,,
lumineon-f,0,throh,1,gothorita,1,ursaluna-1,1,,,,,
mantyke,0,sawk,1,gothitelle,1,basculegion,1,,,,,
snover,0,sewaddle,1,solosis,1,sneasler,1,,,,,
snover-f,0,swadloon,1,duosion,1,overqwil,1,,,,,
abomasnow,0,leavanny,1,reuniclus,1,enamorus,1,,,,,
abomasnow-f,1,venipede,1,ducklett,1,enamorus-1,1,,,,,
weavile,1,whirlipede,1,swanna,1,gen,1,,,,,
weavile-f,1,scolipede,1,vanillite,1,meowscarada,1,,,,,
magnezone,0,cottonee,1,vanillish,1,skeledirge,1,,,,,
lickilicky,0,whimsicott,1,vanilluxe,1,quaquaval,1,,,,,
rhyperior,0,petilil,1,deerling,1,oinkologne,1,,,,,
rhyperior-f,0,lilligant,1,sawsbuck,1,spidops,1,,,,,
tangrowth,1,lilligant-1,1,emolga,1,lokix,1,,,,,
tangrowth-f,1,basculin,1,karrablast,1,pawmot,1,,,,,
electivire,0,basculin-1,1,escavalier,1,maushold,1,,,,,
magmortar,0,basculin-2,1,foongus,1,maushold-1,1,,,,,
togekiss,1,sandile,1,amoonguss,1,dachsbun,1,,,,,
yanmega,0,krokorok,1,frillish,1,arboliva,1,,,,,
leafeon,1,krookodile,1,jellicent,1,squawkabilly,1,,,,,
glaceon,1,darumaka,1,alomomola,1,squawkabilly-1,1,,,,,
gliscor,1,darumaka-1,1,joltik,1,squawkabilly-2,1,,,,,
mamoswine,0,darmanitan,1,galvantula,1,squawkabilly-3,1,,,,,
mamoswine-f,0,darmanitan-1,1,ferroseed,1,garganacl,1,,,,,
porygon-z,0,maractus,1,ferrothorn,1,armarouge,1,,,,,
gallade,0,dwebble,1,klink,1,ceruledge,1,,,,,
probopass,1,crustle,1,klang,1,bellibolt,1,,,,,
dusknoir,0,scraggy,1,klinklang,1,kilowattrel,1,,,,,
froslass,0,scrafty,1,tynamo,1,mabosstiff,1,,,,,
rotom,0,sigilyph,1,eelektrik,1,grafaiai,1,,,,,
rotom-1,0,yamask,1,eelektross,1,brambleghast,1,,,,,
rotom-2,0,yamask-1,1,elgyem,1,toedscruel,1,,,,,
rotom-3,1,cofagrigus,1,beheeyem,1,klawf,1,,,,,
rotom-4,0,tirtouga,1,litwick,1,scovillain,1,,,,,
rotom-5,1,carracosta,1,lampent,1,rabsca,1,,,,,
uxie,1,archen,1,chandelure,1,espathra,1,,,,,
mesprit,1,archeops,1,axew,1,tinkaton,1,,,,,
azelf,1,trubbish,1,fraxure,1,wugtrio,1,,,,,
dialga,0,garbodor,1,haxorus,1,bombirdier,1,,,,,
palkia,0,zorua,1,cubchoo,1,palafin,1,,,,,
heatran,1,zorua-1,1,beartic,1,revavroom,1,,,,,
regigigas,1,zoroark,1,cryogonal,1,cyclizar,1,,,,,
giratina,0,zoroark-1,1,shelmet,1,orthworm,1,,,,,
cresselia,1,minccino,1,accelgor,1,glimmora,1,,,,,
phione,1,cinccino,1,stunfisk,1,houndstone,1,,,,,
manaphy,1,gothita,1,stunfisk-1,1,flamigo,1,,,,,
darkrai,1,gothorita,1,mienfoo,1,cetitan,1,,,,,
shaymin,1,gothitelle,1,mienshao,1,veluza,1,,,,,
shaymin-1,1,solosis,1,druddigon,1,dondozo,1,,,,,
arceus,1,duosion,1,golett,1,tatsugiri,1,,,,,
gen,,reuniclus,1,golurk,1,tatsugiri-1,1,,,,,
victini,1,ducklett,1,pawniard,1,tatsugiri-2,1,,,,,
snivy,1,swanna,1,bisharp,1,annihilape,1,,,,,
servine,1,vanillite,1,bouffalant,1,clodsire,1,,,,,
serperior,1,vanillish,1,rufflet,1,farigiraf,1,,,,,
tepig,0,vanilluxe,1,braviary,1,dudunsparce,1,,,,,
pignite,0,deerling,1,braviary-1,1,dudunsparce-1,1,,,,,
emboar,0,deerling-1,1,vullaby,1,kingambit,1,,,,,
oshawott,0,deerling-2,1,mandibuzz,1,great tusk,1,,,,,
dewott,0,deerling-3,1,heatmor,1,scream tail,1,,,,,
samurott,1,sawsbuck,1,durant,1,brute bonnet,1,,,,,
samurott-1,0,sawsbuck-1,1,deino,1,flutter mane,1,,,,,
patrat,1,sawsbuck-2,1,zweilous,1,slither wing,1,,,,,
watchog,1,sawsbuck-3,1,hydreigon,1,sandy shocks,1,,,,,
lillipup,1,emolga,1,larvesta,1,iron treads,1,,,,,
herdier,1,karrablast,1,volcarona,1,iron bundle,1,,,,,
stoutland,1,escavalier,1,cobalion,1,iron hands,1,,,,,
purrloin,1,foongus,1,terrakion,1,iron jugulis,1,,,,,
liepard,1,amoonguss,1,virizion,1,iron moth,1,,,,,
pansage,1,frillish,1,tornadus,1,iron thorns,1,,,,,
simisage,1,jellicent,1,thundurus,1,baxcalibur,1,,,,,
pansear,1,alomomola,1,reshiram,1,gholdengo,1,,,,,
simisear,1,joltik,1,zekrom,1,wo-chien,1,,,,,
panpour,1,galvantula,1,landorus,1,chien-pao,1,,,,,
simipour,1,ferroseed,1,kyurem,1,ting-lu,1,,,,,
munna,1,ferrothorn,1,keldeo,1,chi-yu,1,,,,,
musharna,1,klink,1,meloetta,1,roaring moon,1,,,,,
pidove,1,klang,1,genesect,1,iron valiant,1,,,,,
tranquill,1,klinklang,1,gen,1,koraidon,1,,,,,
unfezant,1,tynamo,1,chespin,1,miraidon,1,,,,,
unfezant-f,1,eelektrik,1,quilladin,1,walking wake,1,,,,,
blitzle,1,eelektross,1,chesnaught,1,iron leaves,1,,,,,
zebstrika,1,elgyem,1,fennekin,1,sinistcha,1,,,,,
roggenrola,1,beheeyem,1,braixen,1,sinistcha-1,1,,,,,
boldore,1,litwick,1,delphox,1,okidogi,1,,,,,
gigalith,1,lampent,1,froakie,1,munkidori,1,,,,,
woobat,1,chandelure,1,frogadier,1,fezandipiti,1,,,,,
swoobat,1,axew,1,greninja,1,ogerpon,1,,,,,
drilbur,0,fraxure,1,bunnelby,1,archaludon,1,,,,,
excadrill,0,haxorus,1,diggersby,1,hydrapple,1,,,,,
audino,0,cubchoo,1,fletchling,1,gouging fire,1,,,,,
timburr,1,beartic,1,fletchinder,1,raging bolt,1,,,,,
gurdurr,1,cryogonal,1,talonflame,1,iron boulder,1,,,,,
conkeldurr,1,shelmet,1,scatterbug,1,iron crown,1,,,,,
tympole,1,accelgor,1,spewpa,1,terapagos,1,,,,,
palpitoad,1,stunfisk,1,vivillon,1,pecharunt,1,,,,,
seismitoad,1,stunfisk-1,1,litleo,1,,,,,,,
throh,1,mienfoo,1,pyroar,1,,,,,,,
sawk,1,mienshao,1,flabébé,1,,,,,,,
sewaddle,1,druddigon,1,floette,1,,,,,,,
swadloon,1,golett,1,florges,1,,,,,,,
leavanny,1,golurk,1,skiddo,1,,,,,,,
venipede,1,pawniard,1,gogoat,1,,,,,,,
whirlipede,1,bisharp,1,pancham,1,,,,,,,
scolipede,1,bouffalant,1,pangoro,1,,,,,,,
cottonee,0,rufflet,1,furfrou,1,,,,,,,
whimsicott,0,braviary,1,espurr,1,,,,,,,
petilil,0,braviary-1,1,meowstic,1,,,,,,,
lilligant,0,vullaby,1,honedge,1,,,,,,,
lilligant-1,0,mandibuzz,1,doublade,1,,,,,,,
basculin,1,heatmor,1,aegislash,1,,,,,,,
basculin-1,1,durant,1,spritzee,1,,,,,,,
basculin-2,0,deino,1,aromatisse,1,,,,,,,
sandile,0,zweilous,1,swirlix,1,,,,,,,
krokorok,1,hydreigon,1,slurpuff,1,,,,,,,
krookodile,1,larvesta,1,inkay,1,,,,,,,
darumaka,1,volcarona,1,malamar,1,,,,,,,
darumaka-1,1,cobalion,1,binacle,1,,,,,,,
darmanitan,1,terrakion,1,barbaracle,1,,,,,,,
darmanitan-1,1,virizion,1,skrelp,1,,,,,,,
maractus,1,tornadus,1,dragalge,1,,,,,,,
dwebble,1,tornadus-1,1,clauncher,1,,,,,,,
crustle,0,thundurus,1,clawitzer,1,,,,,,,
scraggy,1,thundurus-1,1,helioptile,1,,,,,,,
scrafty,1,reshiram,1,heliolisk,1,,,,,,,
sigilyph,1,zekrom,1,tyrunt,1,,,,,,,
yamask,1,landorus,1,tyrantrum,1,,,,,,,
yamask-1,1,landorus-1,1,amaura,1,,,,,,,
cofagrigus,1,kyurem,1,aurorus,1,,,,,,,
tirtouga,1,keldeo,1,sylveon,1,,,,,,,
carracosta,1,keldeo-1,1,hawlucha,1,,,,,,,
archen,1,meloetta,1,dedenne,1,,,,,,,
archeops,1,genesect,1,carbink,1,,,,,,,
trubbish,1,gen,1,goomy,1,,,,,,,
garbodor,1,chespin,1,sliggoo,1,,,,,,,
zorua,1,quilladin,1,sliggoo-1,1,,,,,,,
zorua-1,0,chesnaught,1,goodra,1,,,,,,,
zoroark,1,fennekin,1,goodra-1,1,,,,,,,
zoroark-1,0,braixen,1,klefki,1,,,,,,,
minccino,1,delphox,1,phantump,1,,,,,,,
cinccino,1,froakie,1,trevenant,1,,,,,,,
gothita,1,frogadier,1,pumpkaboo,1,,,,,,,
gothorita,1,greninja,1,gourgeist,1,,,,,,,
gothitelle,1,bunnelby,1,bergmite,1,,,,,,,
solosis,1,diggersby,1,avalugg,1,,,,,,,
duosion,1,fletchling,1,avalugg-1,1,,,,,,,
reuniclus,1,fletchinder,1,noibat,1,,,,,,,
ducklett,1,talonflame,1,noivern,1,,,,,,,
swanna,1,scatterbug,1,xerneas,1,,,,,,,
vanillite,1,spewpa,1,yveltal,1,,,,,,,
vanillish,1,vivillon,1,zygarde,1,,,,,,,
vanilluxe,1,vivillon-1,1,diancie,1,,,,,,,
deerling,0,vivillon-2,1,hoopa,1,,,,,,,
deerling-1,1,vivillon-3,1,volcanion,1,,,,,,,
deerling-2,1,vivillon-4,1,gen,1,,,,,,,
deerling-3,1,vivillon-5,1,rowlet,1,,,,,,,
sawsbuck,1,vivillon-6,1,dartrix,1,,,,,,,
sawsbuck-1,1,vivillon-7,1,decidueye,1,,,,,,,
sawsbuck-2,1,vivillon-8,1,decidueye-1,1,,,,,,,
sawsbuck-3,1,vivillon-9,1,litten,1,,,,,,,
emolga,1,vivillon-10,1,torracat,1,,,,,,,
karrablast,1,vivillon-11,1,incineroar,1,,,,,,,
escavalier,1,vivillon-12,1,popplio,1,,,,,,,
foongus,0,vivillon-13,1,brionne,1,,,,,,,
amoonguss,0,vivillon-14,1,primarina,1,,,,,,,
frillish,1,vivillon-15,1,pikipek,1,,,,,,,
frillish-f,1,vivillon-16,1,trumbeak,1,,,,,,,
jellicent,1,vivillon-17,1,toucannon,1,,,,,,,
jellicent-f,1,vivillon-18,1,yungoos,1,,,,,,,
alomomola,1,vivillon-19,1,gumshoos,1,,,,,,,
joltik,1,litleo,1,grubbin,1,,,,,,,
galvantula,1,pyroar,1,charjabug,1,,,,,,,
ferroseed,1,flabébé,1,vikavolt,1,,,,,,,
ferrothorn,1,flabébé-1,1,crabrawler,1,,,,,,,
klink,1,flabébé-2,1,crabominable,1,,,,,,,
klang,1,flabébé-3,1,oricorio,1,,,,,,,
klinklang,1,flabébé-4,1,cutiefly,1,,,,,,,
tynamo,1,floette,1,ribombee,1,,,,,,,
eelektrik,1,floette-1,1,rockruff,1,,,,,,,
eelektross,1,floette-2,1,lycanroc,1,,,,,,,
elgyem,1,floette-3,1,wishiwashi,1,,,,,,,
beheeyem,1,floette-4,1,mareanie,1,,,,,,,
litwick,0,florges,1,toxapex,1,,,,,,,
lampent,0,florges-1,1,mudbray,1,,,,,,,
chandelure,0,florges-2,1,mudsdale,1,,,,,,,
axew,1,florges-3,1,dewpider,1,,,,,,,
fraxure,1,florges-4,1,araquanid,1,,,,,,,
haxorus,1,skiddo,1,fomantis,1,,,,,,,
cubchoo,0,gogoat,1,lurantis,1,,,,,,,
beartic,1,pancham,1,morelull,1,,,,,,,
cryogonal,1,pangoro,1,shiinotic,1,,,,,,,
shelmet,1,furfrou,1,salandit,1,,,,,,,
accelgor,1,furfrou-1,1,salazzle,1,,,,,,,
stunfisk,0,furfrou-2,1,stufful,1,,,,,,,
stunfisk-1,1,furfrou-3,1,bewear,1,,,,,,,
mienfoo,1,furfrou-4,1,bounsweet,1,,,,,,,
mienshao,1,furfrou-5,1,steenee,1,,,,,,,
druddigon,1,furfrou-6,1,tsareena,1,,,,,,,
golett,1,furfrou-7,1,comfey,1,,,,,,,
golurk,1,furfrou-8,1,oranguru,1,,,,,,,
pawniard,0,furfrou-9,1,passimian,1,,,,,,,
bisharp,0,espurr,1,wimpod,1,,,,,,,
bouffalant,1,meowstic,1,golisopod,1,,,,,,,
rufflet,0,honedge,1,sandygast,1,,,,,,,
braviary,1,doublade,1,palossand,1,,,,,,,
braviary-1,0,aegislash,1,pyukumuku,1,,,,,,,
vullaby,1,spritzee,1,type: null,1,,,,,,,
mandibuzz,1,aromatisse,1,silvally,1,,,,,,,
heatmor,1,swirlix,1,minior,1,,,,,,,
durant,1,slurpuff,1,komala,1,,,,,,,
deino,1,inkay,1,turtonator,1,,,,,,,
zweilous,1,malamar,1,togedemaru,1,,,,,,,
hydreigon,1,binacle,1,mimikyu,1,,,,,,,
larvesta,0,barbaracle,1,bruxish,1,,,,,,,
volcarona,0,skrelp,1,drampa,1,,,,,,,
cobalion,1,dragalge,1,dhelmise,1,,,,,,,
terrakion,1,clauncher,1,jangmo-o,1,,,,,,,
virizion,1,clawitzer,1,hakamo-o,1,,,,,,,
tornadus,1,helioptile,1,kommo-o,1,,,,,,,
tornadus-1,1,heliolisk,1,tapu koko,1,,,,,,,
thundurus,1,tyrunt,1,tapu lele,1,,,,,,,
thundurus-1,1,tyrantrum,1,tapu bulu,1,,,,,,,
reshiram,1,amaura,1,tapu fini,1,,,,,,,
zekrom,1,aurorus,1,cosmog,1,,,,,,,
landorus,1,sylveon,1,cosmoem,1,,,,,,,
landorus-1,1,hawlucha,1,solgaleo,1,,,,,,,
kyurem,1,dedenne,1,lunala,1,,,,,,,
keldeo,1,carbink,1,nihilego,1,,,,,,,
keldeo-1,1,goomy,1,buzzwole,1,,,,,,,
meloetta,0,sliggoo,1,pheromosa,1,,,,,,,
genesect,1,sliggoo-1,1,xurkitree,1,,,,,,,
gen,,goodra,1,celesteela,1,,,,,,,
chespin,0,goodra-1,1,kartana,1,,,,,,,
quilladin,0,klefki,1,guzzlord,1,,,,,,,
chesnaught,0,phantump,1,necrozma,1,,,,,,,
fennekin,0,trevenant,1,magearna,1,,,,,,,
braixen,0,pumpkaboo,1,marshadow,1,,,,,,,
delphox,0,pumpkaboo-1,1,poipole,1,,,,,,,
froakie,0,pumpkaboo-2,1,naganadel,1,,,,,,,
frogadier,0,pumpkaboo-3,1,stakataka,1,,,,,,,
greninja,0,gourgeist,1,blacephalon,1,,,,,,,
bunnelby,0,gourgeist-1,1,zeraora,1,,,,,,,
diggersby,0,gourgeist-2,1,meltan,1,,,,,,,
fletchling,0,gourgeist-3,1,melmetal,1,,,,,,,
fletchinder,0,bergmite,1,gen,1,,,,,,,
talonflame,0,avalugg,1,grookey,1,,,,,,,
scatterbug,0,avalugg-1,1,thwackey,1,,,,,,,
spewpa,0,noibat,1,rillaboom,1,,,,,,,
vivillon,1,noivern,1,scorbunny,1,,,,,,,
vivillon-1,1,xerneas,1,raboot,1,,,,,,,
vivillon-2,1,yveltal,1,cinderace,1,,,,,,,
vivillon-3,1,zygarde,1,sobble,1,,,,,,,
vivillon-4,1,zygarde-1,1,drizzile,1,,,,,,,
vivillon-5,1,diancie,1,inteleon,1,,,,,,,
vivillon-6,0,hoopa,1,skwovet,1,,,,,,,
vivillon-7,1,hoopa,1,greedent,1,,,,,,,
vivillon-8,1,volcanion,1,rookidee,1,,,,,,,
vivillon-9,1,gen,1,corvisquire,1,,,,,,,
vivillon-10,1,rowlet,1,corviknight,1,,,,,,,
vivillon-11,1,dartrix,1,blipbug,1,,,,,,,
vivillon-12,1,decidueye,1,dottler,1,,,,,,,
vivillon-13,1,decidueye-1,1,orbeetle,1,,,,,,,
vivillon-14,1,litten,1,nickit,1,,,,,,,
vivillon-15,1,torracat,1,thievul,1,,,,,,,
vivillon-16,1,incineroar,1,gossifleur,1,,,,,,,
vivillon-17,1,popplio,1,eldegoss,1,,,,,,,
vivillon-18,0,brionne,1,wooloo,1,,,,,,,
vivillon-19,1,primarina,1,dubwool,1,,,,,,,
litleo,0,pikipek,1,chewtle,1,,,,,,,
pyroar,0,trumbeak,1,drednaw,1,,,,,,,
pyroar-f,0,toucannon,1,yamper,1,,,,,,,
flabébé,0,yungoos,1,boltund,1,,,,,,,
flabébé-1,1,gumshoos,1,rolycoly,1,,,,,,,
flabébé-2,0,grubbin,1,carkol,1,,,,,,,
flabébé-3,0,charjabug,1,coalossal,1,,,,,,,
flabébé-4,0,vikavolt,1,applin,1,,,,,,,
floette,0,crabrawler,1,flapple,1,,,,,,,
floette-1,1,crabominable,1,appletun,1,,,,,,,
floette-2,0,oricorio,1,silicobra,1,,,,,,,
floette-3,0,oricorio-1,1,sandaconda,1,,,,,,,
floette-4,0,oricorio-2,1,cramorant,1,,,,,,,
florges,0,oricorio-3,1,arrokuda,1,,,,,,,
florges-1,1,cutiefly,1,barraskewda,1,,,,,,,
florges-2,0,ribombee,1,toxel,1,,,,,,,
florges-3,0,rockruff,1,toxtricity,1,,,,,,,
florges-4,0,lycanroc,1,sizzlipede,1,,,,,,,
skiddo,1,lycanroc-1,1,centiskorch,1,,,,,,,
gogoat,1,lycanroc-2,1,clobbopus,1,,,,,,,
pancham,1,wishiwashi,1,grapploct,1,,,,,,,
pangoro,1,mareanie,1,sinistea,1,,,,,,,
furfrou,1,toxapex,1,polteageist,1,,,,,,,
furfrou-1,1,mudbray,1,hatenna,1,,,,,,,
furfrou-2,1,mudsdale,1,hattrem,1,,,,,,,
furfrou-3,1,dewpider,1,hatterene,1,,,,,,,
furfrou-4,1,araquanid,1,impidimp,1,,,,,,,
furfrou-5,1,fomantis,1,morgrem,1,,,,,,,
furfrou-6,1,lurantis,1,grimmsnarl,1,,,,,,,
furfrou-7,1,morelull,1,obstagoon,1,,,,,,,
furfrou-8,1,shiinotic,1,perrserker,1,,,,,,,
furfrou-9,1,salandit,1,cursola,1,,,,,,,
espurr,1,salazzle,1,sirfetch'd,1,,,,,,,
meowstic,1,stufful,1,mr. rime,1,,,,,,,
meowstic-f,1,bewear,1,runerigus,1,,,,,,,
honedge,1,bounsweet,1,milcery,1,,,,,,,
doublade,1,steenee,1,alcremie,1,,,,,,,
aegislash,1,tsareena,1,falinks,1,,,,,,,
spritzee,1,comfey,1,pincurchin,1,,,,,,,
aromatisse,1,oranguru,1,snom,1,,,,,,,
swirlix,1,passimian,1,frosmoth,1,,,,,,,
slurpuff,1,wimpod,1,stonjourner,1,,,,,,,
inkay,0,golisopod,1,eiscue,1,,,,,,,
malamar,0,sandygast,1,indeedee,1,,,,,,,
binacle,1,palossand,1,morpeko,1,,,,,,,
barbaracle,0,pyukumuku,1,cufant,1,,,,,,,
skrelp,1,type: null,1,copperajah,1,,,,,,,
dragalge,1,silvally,1,dracozolt,1,,,,,,,
clauncher,0,minior,1,arctozolt,1,,,,,,,
clawitzer,0,komala,1,dracovish,1,,,,,,,
helioptile,1,turtonator,1,arctovish,1,,,,,,,
heliolisk,0,togedemaru,1,duraludon,1,,,,,,,
tyrunt,1,mimikyu,1,dreepy,1,,,,,,,
tyrantrum,1,bruxish,1,drakloak,1,,,,,,,
amaura,1,drampa,1,dragapult,1,,,,,,,
aurorus,1,dhelmise,1,zacian,1,,,,,,,
sylveon,1,jangmo-o,1,zamazenta,1,,,,,,,
hawlucha,0,hakamo-o,1,eternatus,1,,,,,,,
dedenne,1,kommo-o,1,kubfu,1,,,,,,,
carbink,1,tapu koko,1,urshifu,1,,,,,,,
goomy,0,tapu lele,1,zarude,1,,,,,,,
sliggoo,0,tapu bulu,1,regieleki,1,,,,,,,
sliggoo-1,0,tapu fini,1,regidrago,1,,,,,,,
goodra,0,cosmog,1,glastrier,1,,,,,,,
goodra-1,0,cosmoem,1,spectrier,1,,,,,,,
klefki,1,solgaleo,1,calyrex,1,,,,,,,
phantump,0,lunala,1,wyrdeer,1,,,,,,,
trevenant,0,nihilego,1,kleavor,1,,,,,,,
pumpkaboo,1,buzzwole,1,ursaluna,1,,,,,,,
pumpkaboo-1,1,pheromosa,1,basculegion,1,,,,,,,
pumpkaboo-2,1,xurkitree,1,sneasler,1,,,,,,,
pumpkaboo-3,1,celesteela,1,overqwil,1,,,,,,,
gourgeist,1,kartana,1,enamorus,1,,,,,,,
gourgeist-1,1,guzzlord,1,gen,1,,,,,,,
gourgeist-2,1,necrozma,1,sprigatito,1,,,,,,,
gourgeist-3,1,magearna,1,floragato,1,,,,,,,
bergmite,0,magearna-1,1,meowscarada,1,,,,,,,
avalugg,0,marshadow,1,fuecoco,1,,,,,,,
avalugg-1,0,poipole,1,crocalor,1,,,,,,,
noibat,0,naganadel,1,skeledirge,1,,,,,,,
noivern,0,stakataka,1,quaxly,1,,,,,,,
xerneas,1,blacephalon,1,quaxwell,1,,,,,,,
yveltal,0,zeraora,1,quaquaval,1,,,,,,,
zygarde,1,meltan,1,lechonk,1,,,,,,,
zygarde-1,1,melmetal,1,oinkologne,1,,,,,,,
diancie,1,gen,1,tarountula,1,,,,,,,
hoopa,1,grookey,1,spidops,1,,,,,,,
hoopa,1,thwackey,1,nymble,1,,,,,,,
volcanion,1,rillaboom,1,lokix,1,,,,,,,
gen,,scorbunny,1,pawmi,1,,,,,,,
rowlet,0,raboot,1,pawmo,1,,,,,,,
dartrix,0,cinderace,1,pawmot,1,,,,,,,
decidueye,0,sobble,1,tandemaus,1,,,,,,,
decidueye-1,0,drizzile,1,maushold,1,,,,,,,
litten,0,inteleon,1,fidough,1,,,,,,,
torracat,0,skwovet,1,dachsbun,1,,,,,,,
incineroar,0,greedent,1,smoliv,1,,,,,,,
popplio,0,rookidee,1,dolliv,1,,,,,,,
brionne,0,corvisquire,1,arboliva,1,,,,,,,
primarina,0,corviknight,1,squawkabilly,1,,,,,,,
pikipek,0,blipbug,1,nacli,1,,,,,,,
trumbeak,0,dottler,1,naclstack,1,,,,,,,
toucannon,0,orbeetle,1,garganacl,1,,,,,,,
yungoos,1,nickit,1,charcadet,1,,,,,,,
gumshoos,1,thievul,1,armarouge,1,,,,,,,
grubbin,1,gossifleur,1,ceruledge,1,,,,,,,
charjabug,1,eldegoss,1,tadbulb,1,,,,,,,
vikavolt,1,wooloo,1,bellibolt,1,,,,,,,
crabrawler,1,dubwool,1,wattrel,1,,,,,,,
crabominable,0,chewtle,1,kilowattrel,1,,,,,,,
oricorio,0,drednaw,1,maschiff,1,,,,,,,
oricorio-1,0,yamper,1,mabosstiff,1,,,,,,,
oricorio-2,0,boltund,1,shroodle,1,,,,,,,
oricorio-3,0,rolycoly,1,grafaiai,1,,,,,,,
cutiefly,1,carkol,1,bramblin,1,,,,,,,
ribombee,1,coalossal,1,brambleghast,1,,,,,,,
rockruff,0,applin,1,toedscool,1,,,,,,,
lycanroc,0,flapple,1,toedscruel,1,,,,,,,
lycanroc-1,0,appletun,1,klawf,1,,,,,,,
lycanroc-2,1,silicobra,1,capsakid,1,,,,,,,
wishiwashi,1,sandaconda,1,scovillain,1,,,,,,,
mareanie,0,cramorant,1,rellor,1,,,,,,,
toxapex,0,arrokuda,1,rabsca,1,,,,,,,
mudbray,0,barraskewda,1,flittle,1,,,,,,,
mudsdale,0,toxel,1,espathra,1,,,,,,,
dewpider,0,toxtricity,1,tinkatink,1,,,,,,,
araquanid,1,toxtricity-1,1,tinkatuff,1,,,,,,,
fomantis,1,sizzlipede,1,tinkaton,1,,,,,,,
lurantis,1,centiskorch,1,wiglett,1,,,,,,,
morelull,1,clobbopus,1,wugtrio,1,,,,,,,
shiinotic,1,grapploct,1,bombirdier,1,,,,,,,
salandit,0,sinistea,1,finizen,1,,,,,,,
salazzle,0,sinistea-1,1,palafin,1,,,,,,,
stufful,1,polteageist,1,varoom,1,,,,,,,
bewear,1,polteageist-1,1,revavroom,1,,,,,,,
bounsweet,1,hatenna,1,cyclizar,1,,,,,,,
steenee,0,hattrem,1,orthworm,1,,,,,,,
tsareena,0,hatterene,1,glimmet,1,,,,,,,
comfey,0,impidimp,1,glimmora,1,,,,,,,
oranguru,0,morgrem,1,greavard,1,,,,,,,
passimian,1,grimmsnarl,1,houndstone,1,,,,,,,
wimpod,1,obstagoon,1,flamigo,1,,,,,,,
golisopod,1,perrserker,1,cetoddle,1,,,,,,,
sandygast,0,cursola,1,cetitan,1,,,,,,,
palossand,0,sirfetch'd,1,veluza,1,,,,,,,
pyukumuku,1,mr. rime,1,dondozo,1,,,,,,,
type: null,1,runerigus,1,tatsugiri,1,,,,,,,
silvally,1,milcery,1,annihilape,1,,,,,,,
minior,0,alcremie,1,clodsire,1,,,,,,,
komala,1,alcremie-1,1,farigiraf,1,,,,,,,
turtonator,1,alcremie-2,1,dudunsparce,1,,,,,,,
togedemaru,1,alcremie-3,1,kingambit,1,,,,,,,
mimikyu,0,alcremie-4,1,great tusk,1,,,,,,,
bruxish,1,alcremie-5,1,scream tail,1,,,,,,,
drampa,1,alcremie-6,1,brute bonnet,1,,,,,,,
dhelmise,1,falinks,1,flutter mane,1,,,,,,,
jangmo-o,1,pincurchin,1,slither wing,1,,,,,,,
hakamo-o,1,snom,1,sandy shocks,1,,,,,,,
kommo-o,1,frosmoth,1,iron treads,1,,,,,,,
tapu koko,1,stonjourner,1,iron bundle,1,,,,,,,
tapu lele,1,eiscue,1,iron hands,1,,,,,,,
tapu bulu,1,indeedee,1,iron jugulis,1,,,,,,,
tapu fini,1,morpeko,1,iron moth,1,,,,,,,
cosmog,1,cufant,1,iron thorns,1,,,,,,,
cosmoem,1,copperajah,1,frigibax,1,,,,,,,
solgaleo,1,dracozolt,1,arctibax,1,,,,,,,
lunala,1,arctozolt,1,baxcalibur,1,,,,,,,
nihilego,1,dracovish,1,gimmighoul,1,,,,,,,
buzzwole,1,arctovish,1,gholdengo,1,,,,,,,
pheromosa,1,duraludon,1,wo-chien,1,,,,,,,
xurkitree,1,dreepy,1,chien-pao,1,,,,,,,
celesteela,1,drakloak,1,ting-lu,1,,,,,,,
kartana,1,dragapult,1,chi-yu,1,,,,,,,
guzzlord,1,zacian,1,roaring moon,1,,,,,,,
necrozma,1,zamazenta,1,iron valiant,1,,,,,,,
magearna,1,eternatus,1,koraidon,1,,,,,,,
magearna-1,1,kubfu,1,miraidon,1,,,,,,,
marshadow,1,urshifu,1,walking wake,1,,,,,,,
poipole,1,urshifu-1,1,iron leaves,1,,,,,,,
naganadel,1,zarude,1,dipplin,1,,,,,,,
stakataka,1,zarude-1,1,poltchageist,1,,,,,,,
blacephalon,1,regieleki,1,sinistcha,1,,,,,,,
zeraora,0,regidrago,1,okidogi,1,,,,,,,
meltan,1,glastrier,1,munkidori,1,,,,,,,
melmetal,1,spectrier,1,fezandipiti,1,,,,,,,
gen,,calyrex,1,ogerpon,1,,,,,,,
grookey,0,wyrdeer,1,archaludon,1,,,,,,,
gen,,kleavor,1,hydrapple,1,,,,,,,
thwackey,0,ursaluna,1,gouging fire,1,,,,,,,
rillaboom,0,ursaluna-1,1,raging bolt,1,,,,,,,
scorbunny,0,basculegion,1,iron boulder,1,,,,,,,
raboot,0,sneasler,1,iron crown,1,,,,,,,
cinderace,0,overqwil,1,terapagos,1,,,,,,,
sobble,0,enamorus,1,pecharunt,1,,,,,,,
drizzile,0,enamorus-1,1,,,,,,,,,
inteleon,0,gen,1,,,,,,,,,
skwovet,1,sprigatito,1,,,,,,,,,
greedent,1,floragato,1,,,,,,,,,
rookidee,0,meowscarada,1,,,,,,,,,
corvisquire,0,fuecoco,1,,,,,,,,,
corviknight,0,crocalor,1,,,,,,,,,
blipbug,1,skeledirge,1,,,,,,,,,
dottler,1,quaxly,1,,,,,,,,,
orbeetle,1,quaxwell,1,,,,,,,,,
nickit,1,quaquaval,1,,,,,,,,,
thievul,0,lechonk,1,,,,,,,,,
gossifleur,1,oinkologne,1,,,,,,,,,
eldegoss,1,tarountula,1,,,,,,,,,
wooloo,1,spidops,1,,,,,,,,,
dubwool,1,nymble,1,,,,,,,,,
chewtle,0,lokix,1,,,,,,,,,
drednaw,1,pawmi,1,,,,,,,,,
yamper,1,pawmo,1,,,,,,,,,
boltund,0,pawmot,1,,,,,,,,,
rolycoly,0,tandemaus,1,,,,,,,,,
carkol,0,maushold,1,,,,,,,,,
coalossal,1,maushold-1,1,,,,,,,,,
applin,0,fidough,1,,,,,,,,,
flapple,0,dachsbun,1,,,,,,,,,
appletun,0,smoliv,1,,,,,,,,,
silicobra,1,dolliv,1,,,,,,,,,
sandaconda,0,arboliva,1,,,,,,,,,
cramorant,1,squawkabilly,1,,,,,,,,,
arrokuda,1,squawkabilly-1,1,,,,,,,,,
barraskewda,1,squawkabilly-2,1,,,,,,,,,
toxel,0,squawkabilly-3,1,,,,,,,,,
toxtricity,0,nacli,1,,,,,,,,,
toxtricity-1,0,naclstack,1,,,,,,,,,
sizzlipede,1,garganacl,1,,,,,,,,,
centiskorch,1,charcadet,1,,,,,,,,,
clobbopus,1,armarouge,1,,,,,,,,,
grapploct,1,ceruledge,1,,,,,,,,,
sinistea,0,tadbulb,1,,,,,,,,,
sinistea-1,1,bellibolt,1,,,,,,,,,
polteageist,0,wattrel,1,,,,,,,,,
polteageist-1,1,kilowattrel,1,,,,,,,,,
hatenna,0,maschiff,1,,,,,,,,,
hattrem,0,mabosstiff,1,,,,,,,,,
hatterene,0,shroodle,1,,,,,,,,,
impidimp,0,grafaiai,1,,,,,,,,,
morgrem,0,bramblin,1,,,,,,,,,
grimmsnarl,0,brambleghast,1,,,,,,,,,
obstagoon,1,toedscool,1,,,,,,,,,
perrserker,1,toedscruel,1,,,,,,,,,
cursola,1,klawf,1,,,,,,,,,
sirfetch'd,1,capsakid,1,,,,,,,,,
mr. rime,1,scovillain,1,,,,,,,,,
runerigus,1,rellor,1,,,,,,,,,
milcery,0,rabsca,1,,,,,,,,,
alcremie,0,flittle,1,,,,,,,,,
alcremie-1,0,espathra,1,,,,,,,,,
alcremie-2,0,tinkatink,1,,,,,,,,,
alcremie-3,0,tinkatuff,1,,,,,,,,,
alcremie-4,0,tinkaton,1,,,,,,,,,
alcremie-5,0,wiglett,1,,,,,,,,,
alcremie-6,0,wugtrio,1,,,,,,,,,
falinks,1,bombirdier,1,,,,,,,,,
pincurchin,1,finizen,1,,,,,,,,,
snom,1,palafin,1,,,,,,,,,
frosmoth,1,varoom,1,,,,,,,,,
stonjourner,1,revavroom,1,,,,,,,,,
eiscue,1,cyclizar,1,,,,,,,,,
indeedee,1,orthworm,1,,,,,,,,,
indeedee-f,1,glimmet,1,,,,,,,,,
morpeko,1,glimmora,1,,,,,,,,,
cufant,0,greavard,1,,,,,,,,,
copperajah,0,houndstone,1,,,,,,,,,
dracozolt,1,flamigo,1,,,,,,,,,
arctozolt,1,cetoddle,1,,,,,,,,,
dracovish,1,cetitan,1,,,,,,,,,
arctovish,1,veluza,1,,,,,,,,,
duraludon,0,dondozo,1,,,,,,,,,
dreepy,0,tatsugiri,1,,,,,,,,,
drakloak,0,tatsugiri-1,1,,,,,,,,,
dragapult,0,tatsugiri-2,1,,,,,,,,,
zacian,1,annihilape,1,,,,,,,,,
zamazenta,1,clodsire,1,,,,,,,,,
eternatus,0,farigiraf,1,,,,,,,,,
kubfu,1,dudunsparce,1,,,,,,,,,
urshifu,1,dudunsparce-1,1,,,,,,,,,
urshifu-1,1,kingambit,1,,,,,,,,,
zarude,1,great tusk,1,,,,,,,,,
zarude-1,1,scream tail,1,,,,,,,,,
regieleki,1,brute bonnet,1,,,,,,,,,
regidrago,0,flutter mane,1,,,,,,,,,
glastrier,1,slither wing,1,,,,,,,,,
spectrier,1,sandy shocks,1,,,,,,,,,
calyrex,1,iron treads,1,,,,,,,,,
wyrdeer,0,iron bundle,1,,,,,,,,,
kleavor,0,iron hands,1,,,,,,,,,
ursaluna,0,iron jugulis,1,,,,,,,,,
ursaluna-1,1,iron moth,1,,,,,,,,,
basculegion,0,iron thorns,1,,,,,,,,,
basculegion-f,1,frigibax,1,,,,,,,,,
sneasler,0,arctibax,1,,,,,,,,,
overqwil,0,baxcalibur,1,,,,,,,,,
enamorus,0,gimmighoul,1,,,,,,,,,
enamorus-1,1,gimmighoul-1,1,,,,,,,,,
sprigatito,1,gholdengo,1,,,,,,,,,
floragato,1,wo-chien,1,,,,,,,,,
meowscarada,1,chien-pao,1,,,,,,,,,
fuecoco,1,ting-lu,1,,,,,,,,,
crocalor,1,chi-yu,1,,,,,,,,,
skeledirge,1,roaring moon,1,,,,,,,,,
quaxly,1,iron valiant,1,,,,,,,,,
quaxwell,1,koraidon,1,,,,,,,,,
quaquaval,1,miraidon,1,,,,,,,,,
lechonk,0,walking wake,1,,,,,,,,,
oinkologne,0,iron leaves,1,,,,,,,,,
oinkologne-f,0,dipplin,1,,,,,,,,,
tarountula,0,poltchageist,1,,,,,,,,,
spidops,0,poltchageist-1,1,,,,,,,,,
nymble,0,sinistcha,1,,,,,,,,,
lokix,0,sinistcha-1,1,,,,,,,,,
pawmi,0,okidogi,1,,,,,,,,,
pawmo,0,munkidori,1,,,,,,,,,
pawmot,0,fezandipiti,1,,,,,,,,,
tandemaus,0,ogerpon,1,,,,,,,,,
maushold,1,archaludon,1,,,,,,,,,
maushold-1,0,hydrapple,1,,,,,,,,,
fidough,0,gouging fire,1,,,,,,,,,
dachsbun,0,raging bolt,1,,,,,,,,,
smoliv,0,iron boulder,1,,,,,,,,,
dolliv,0,iron crown,1,,,,,,,,,
arboliva,0,terapagos,1,,,,,,,,,
squawkabilly,0,pecharunt,1,,,,,,,,,
squawkabilly-1,0,,,,,,,,,,,
squawkabilly-2,1,,,,,,,,,,,
squawkabilly-3,1,,,,,,,,,,,
nacli,0,,,,,,,,,,,
naclstack,0,,,,,,,,,,,
garganacl,0,,,,,,,,,,,
charcadet,0,,,,,,,,,,,
armarouge,0,,,,,,,,,,,
ceruledge,0,,,,,,,,,,,
tadbulb,0,,,,,,,,,,,
bellibolt,0,,,,,,,,,,,
wattrel,0,,,,,,,,,,,
kilowattrel,0,,,,,,,,,,,
maschiff,0,,,,,,,,,,,
mabosstiff,0,,,,,,,,,,,
shroodle,0,,,,,,,,,,,
grafaiai,0,,,,,,,,,,,
bramblin,0,,,,,,,,,,,
brambleghast,0,,,,,,,,,,,
toedscool,0,,,,,,,,,,,
toedscruel,1,,,,,,,,,,,
klawf,0,,,,,,,,,,,
capsakid,0,,,,,,,,,,,
scovillain,0,,,,,,,,,,,
rellor,0,,,,,,,,,,,
rabsca,0,,,,,,,,,,,
flittle,0,,,,,,,,,,,
espathra,0,,,,,,,,,,,
tinkatink,1,,,,,,,,,,,
tinkatuff,0,,,,,,,,,,,
tinkaton,0,,,,,,,,,,,
wiglett,1,,,,,,,,,,,
wugtrio,1,,,,,,,,,,,
bombirdier,0,,,,,,,,,,,
finizen,0,,,,,,,,,,,
palafin,0,,,,,,,,,,,
varoom,0,,,,,,,,,,,
revavroom,0,,,,,,,,,,,
cyclizar,0,,,,,,,,,,,
orthworm,0,,,,,,,,,,,
glimmet,0,,,,,,,,,,,
glimmora,0,,,,,,,,,,,
greavard,0,,,,,,,,,,,
houndstone,0,,,,,,,,,,,
flamigo,1,,,,,,,,,,,
cetoddle,0,,,,,,,,,,,
cetitan,0,,,,,,,,,,,
veluza,0,,,,,,,,,,,
dondozo,0,,,,,,,,,,,
tatsugiri,0,,,,,,,,,,,
tatsugiri-1,0,,,,,,,,,,,
tatsugiri-2,0,,,,,,,,,,,
annihilape,0,,,,,,,,,,,
clodsire,0,,,,,,,,,,,
farigiraf,0,,,,,,,,,,,
dudunsparce,1,,,,,,,,,,,
dudunsparce-1,1,,,,,,,,,,,
kingambit,0,,,,,,,,,,,
great tusk,0,,,,,,,,,,,
scream tail,0,,,,,,,,,,,
brute bonnet,0,,,,,,,,,,,
flutter mane,0,,,,,,,,,,,
slither wing,0,,,,,,,,,,,
sandy shocks,0,,,,,,,,,,,
iron treads,0,,,,,,,,,,,
iron bundle,0,,,,,,,,,,,
iron hands,0,,,,,,,,,,,
iron jugulis,0,,,,,,,,,,,
iron moth,0,,,,,,,,,,,
iron thorns,0,,,,,,,,,,,
frigibax,0,,,,,,,,,,,
arctibax,0,,,,,,,,,,,
baxcalibur,0,,,,,,,,,,,
gimmighoul,1,,,,,,,,,,,
gimmighoul-1,1,,,,,,,,,,,
gholdengo,1,,,,,,,,,,,
wo-chien,0,,,,,,,,,,,
chien-pao,0,,,,,,,,,,,
ting-lu,0,,,,,,,,,,,
chi-yu,0,,,,,,,,,,,
roaring moon,0,,,,,,,,,,,
iron valiant,0,,,,,,,,,,,
koraidon,0,,,,,,,,,,,
miraidon,0,,,,,,,,,,,
walking wake,1,,,,,,,,,,,
iron leaves,1,,,,,,,,,,,
dipplin,0,,,,,,,,,,,
poltchageist,0,,,,,,,,,,,
poltchageist-1,1,,,,,,,,,,,
sinistcha,0,,,,,,,,,,,
sinistcha-1,1,,,,,,,,,,,
okidogi,1,,,,,,,,,,,
munkidori,1,,,,,,,,,,,
fezandipiti,1,,,,,,,,,,,
ogerpon,1,,,,,,,,,,,
archaludon,0,,,,,,,,,,,
hydrapple,0,,,,,,,,,,,
gouging fire,1,,,,,,,,,,,
raging bolt,1,,,,,,,,,,,
iron boulder,1,,,,,,,,,,,
iron crown,1,,,,,,,,,,,
terapagos,1,,,,,,,,,,,
pecharunt,1,,,,,,,,,,,